"chapter","chapterTitle","folder","order","displayOrder","globalOrder","sourceParagraph","originalFilename","archiveFile","status","width","height","bytes","sha256","sourceURL","downloadURL","displayURL","driveFileId"
"1","Атлантика - планирование","01 - Планирование","1","1","1","4","maritime_provinces_map.jpg","01 - Планирование/01_maritime_provinces_map.jpg","downloaded","400","445","51369","27f4a433dd3f3c77be4a89d4ac2fd480d5d3d7cd978fa984e939dd331da02555","https://lh3.googleusercontent.com/Q-1gXbFFneXgzJiJRoK7BEXmxu24z30s5Rnmo7rCmqI=w400-h445-no","https://lh3.googleusercontent.com/Q-1gXbFFneXgzJiJRoK7BEXmxu24z30s5Rnmo7rCmqI=d","https://drive.google.com/thumbnail?id=13rPx2IghZph-pLXT7FWOO9ozqItOqD8J&sz=w1600","13rPx2IghZph-pLXT7FWOO9ozqItOqD8J"
"2","Атлантика - день 1","02 - День 1","1","1","2","17","IMG_4558.JPG","02 - День 1/01_IMG_4558.JPG","downloaded","2048","1152","592586","7e21eba4974224ec492ecc3956ba87e60f144886b2a3606b27ed5c51fbfeb48e","https://lh5.googleusercontent.com/e8dF6EGzz5wK3FHUpRJ50M9xL7piAsdN-NhDofQ7P1Q=w1026-h577-no","https://lh5.googleusercontent.com/e8dF6EGzz5wK3FHUpRJ50M9xL7piAsdN-NhDofQ7P1Q=d","https://drive.google.com/thumbnail?id=1lbvpuEZXeyHZPwPah3pHd6ZNmWQI78ae&sz=w1600","1lbvpuEZXeyHZPwPah3pHd6ZNmWQI78ae"
"2","Атлантика - день 1","02 - День 1","2","2","3","19","DSC02048.JPG","02 - День 1/02_DSC02048.JPG","downloaded","2048","1536","233418","e05447eb44b82f1fa0cf8fb8827af30d5046cf975bb76109dbb1173a3e623b80","https://lh5.googleusercontent.com/-XuHEdrx1AC8/U_KxAG0AU9I/AAAAAAAAF1A/YRer6Su3u2c/w769-h577-no/DSC02048.JPG","https://lh5.googleusercontent.com/-XuHEdrx1AC8/U_KxAG0AU9I/AAAAAAAAF1A/YRer6Su3u2c/d/DSC02048.JPG","https://drive.google.com/thumbnail?id=1X2dPP0OCXh7zgMceFj3rDeBJIdsHRZux&sz=w1600","1X2dPP0OCXh7zgMceFj3rDeBJIdsHRZux"
"2","Атлантика - день 1","02 - День 1","3","3","4","21","20140806_152252.jpg","02 - День 1/03_20140806_152252.jpg","downloaded","2048","1536","428389","6c3e173dc93d899623a23f275de5e8d73ade435e3c1722152fca8bc95b8b6f43","https://lh6.googleusercontent.com/-MZJyhV_kR7g/U_Kw7AuBJ7I/AAAAAAAAF04/YL8X23c1D1A/w769-h577-no/20140806_152252.jpg","https://lh6.googleusercontent.com/-MZJyhV_kR7g/U_Kw7AuBJ7I/AAAAAAAAF04/YL8X23c1D1A/d/20140806_152252.jpg","https://drive.google.com/thumbnail?id=1u9uHXwrsC0Qj2n-ykTLbUnDsO8otJQD3&sz=w1600","1u9uHXwrsC0Qj2n-ykTLbUnDsO8otJQD3"
"2","Атлантика - день 1","02 - День 1","4","4","5","25","IMG_4137.JPG","02 - День 1/04_IMG_4137.JPG","downloaded","2048","1152","907717","339770ce7cc8e6ee2850d4b97eff498ee321e158eef4efe6822c230672c71a4c","https://lh6.googleusercontent.com/-Y2Twx44iovQ/U_Kyxhi29dI/AAAAAAAAF10/GqG4cTSEY_E/w1026-h577-no/IMG_4137.JPG","https://lh6.googleusercontent.com/-Y2Twx44iovQ/U_Kyxhi29dI/AAAAAAAAF10/GqG4cTSEY_E/d/IMG_4137.JPG","https://drive.google.com/thumbnail?id=1XBY7HQO3wvr2qgTmkCiUBSpkFUVyAsum&sz=w1600","1XBY7HQO3wvr2qgTmkCiUBSpkFUVyAsum"
"2","Атлантика - день 1","02 - День 1","5","5","6","27","IMG_4142.JPG","02 - День 1/05_IMG_4142.JPG","downloaded","2048","1152","856392","05fc94c8b8dcc9ce01c23e2f375e88caceb6b889c586f992986f64cedcf89b94","https://lh6.googleusercontent.com/-SqCMq54m4PU/U_KyxoC-CmI/AAAAAAAAF14/AH3XwRjaNXQ/w1026-h577-no/IMG_4142.JPG","https://lh6.googleusercontent.com/-SqCMq54m4PU/U_KyxoC-CmI/AAAAAAAAF14/AH3XwRjaNXQ/d/IMG_4142.JPG","https://drive.google.com/thumbnail?id=1u-H3_-YtBMK4FIx1F8PMjnoErmsVDhwW&sz=w1600","1u-H3_-YtBMK4FIx1F8PMjnoErmsVDhwW"
"2","Атлантика - день 1","02 - День 1","6","6","7","29","IMG_4147.JPG","02 - День 1/06_IMG_4147.JPG","downloaded","2048","1152","761708","a9b8834e7b18460c5b54ca337d6211306ba016ca2c0023e7ddf900a9389baf38","https://lh6.googleusercontent.com/-ki0VBjsRmgk/U_Ky4RiJa7I/AAAAAAAAF2A/cvwMyrpQD9M/w1026-h577-no/IMG_4147.JPG","https://lh6.googleusercontent.com/-ki0VBjsRmgk/U_Ky4RiJa7I/AAAAAAAAF2A/cvwMyrpQD9M/d/IMG_4147.JPG","https://drive.google.com/thumbnail?id=12NYSADkvtFD0TotSTFtcxMU-6gBEqT88&sz=w1600","12NYSADkvtFD0TotSTFtcxMU-6gBEqT88"
"2","Атлантика - день 1","02 - День 1","7","7","8","31","IMG_4150.JPG","02 - День 1/07_IMG_4150.JPG","downloaded","2048","1152","732688","97be67af95c714fcc63fe95c43396429229281d9ee820f8dfef06688197a3a64","https://lh5.googleusercontent.com/-MYm8DvEPSGc/U_Ky7AtrV6I/AAAAAAAAF2I/SoY2H-YxiHE/w1026-h577-no/IMG_4150.JPG","https://lh5.googleusercontent.com/-MYm8DvEPSGc/U_Ky7AtrV6I/AAAAAAAAF2I/SoY2H-YxiHE/d/IMG_4150.JPG","https://drive.google.com/thumbnail?id=1Fd_zSHswqiep25QoTqevDckQSIHTL7mg&sz=w1600","1Fd_zSHswqiep25QoTqevDckQSIHTL7mg"
"2","Атлантика - день 1","02 - День 1","8","8","9","38","IMG_4993.JPG","02 - День 1/08_IMG_4993.JPG","downloaded","2048","2048","546473","df5ae11b70c838d1ec47a4076aa127e5e0b115fb9aeb7dfd7b543e3a8b860b1a","https://lh4.googleusercontent.com/-6SkgLhb0cY4/U_KxfR1ryoI/AAAAAAAAF1Y/ak3LP2Tkc2k/s577-no/IMG_4993.JPG","https://lh4.googleusercontent.com/-6SkgLhb0cY4/U_KxfR1ryoI/AAAAAAAAF1Y/ak3LP2Tkc2k/d/IMG_4993.JPG","https://drive.google.com/thumbnail?id=1nvGYD0Ds-EZiTRZbtrR3AF2yuDltc69C&sz=w1600","1nvGYD0Ds-EZiTRZbtrR3AF2yuDltc69C"
"2","Атлантика - день 1","02 - День 1","9","9","10","40","img_16961.jpg","02 - День 1/09_img_16961.jpg","downloaded","1365","2048","871592","7578e567c753746d6244d96e3828240ad281cfb191743c3cc91dc147a3fe773c","https://lh4.googleusercontent.com/-46yOmHpG2Lk/U_Kwo0HaE6I/AAAAAAAAF0w/fyHToQR9E_A/w385-h577-no/img_16961.jpg","https://lh4.googleusercontent.com/-46yOmHpG2Lk/U_Kwo0HaE6I/AAAAAAAAF0w/fyHToQR9E_A/d/img_16961.jpg","https://drive.google.com/thumbnail?id=1y96LwjBw48o9bqrjmDJ3C6nFlB3sfpyD&sz=w1600","1y96LwjBw48o9bqrjmDJ3C6nFlB3sfpyD"
"2","Атлантика - день 1","02 - День 1","10","10","11","42","DSC02133.JPG","02 - День 1/10_DSC02133.JPG","downloaded","2048","1536","695472","78517043ec49b62246da6bdfc95d3d4fe9f241f7792f6a99fceb5d9aefb83d3b","https://lh6.googleusercontent.com/-E_0V4hpDL-Y/U_KxTnGL2LI/AAAAAAAAF1Q/EDV9_1fbDug/w769-h577-no/DSC02133.JPG","https://lh6.googleusercontent.com/-E_0V4hpDL-Y/U_KxTnGL2LI/AAAAAAAAF1Q/EDV9_1fbDug/d/DSC02133.JPG","https://drive.google.com/thumbnail?id=1SkYdYClkVVn34IywonJemzGnB6ZA5m0I&sz=w1600","1SkYdYClkVVn34IywonJemzGnB6ZA5m0I"
"2","Атлантика - день 1","02 - День 1","11","11","12","46","DSC02071.JPG","02 - День 1/11_DSC02071.JPG","downloaded","2048","1536","391206","d9e5959dae2ef22bdd597f02dbb9f571846b8fdcb1d18907d4ef6facb00cd02e","https://lh4.googleusercontent.com/-STNGpoKYZTc/U_KzUqHJU_I/AAAAAAAAF2Q/jV9GJtenct8/w769-h577-no/DSC02071.JPG","https://lh4.googleusercontent.com/-STNGpoKYZTc/U_KzUqHJU_I/AAAAAAAAF2Q/jV9GJtenct8/d/DSC02071.JPG","https://drive.google.com/thumbnail?id=16RC6HoId-FVR89MYyTHsPvCrDq_yIKw8&sz=w1600","16RC6HoId-FVR89MYyTHsPvCrDq_yIKw8"
"2","Атлантика - день 1","02 - День 1","12","12","13","50","DSC02089.JPG","02 - День 1/12_DSC02089.JPG","downloaded","2048","1536","704091","f259ec185669e98778fd1f9aa9da33391d73a560327b0639b897ff536dc78a5b","https://lh5.googleusercontent.com/-vn92NQ-xXiw/U_KynzphQ4I/AAAAAAAAF1o/oqYbkUmtvYA/w769-h577-no/DSC02089.JPG","https://lh5.googleusercontent.com/-vn92NQ-xXiw/U_KynzphQ4I/AAAAAAAAF1o/oqYbkUmtvYA/d/DSC02089.JPG","https://drive.google.com/thumbnail?id=1O9xVDc9zSV7T9aw-YIb_sGpe3b_kPPBj&sz=w1600","1O9xVDc9zSV7T9aw-YIb_sGpe3b_kPPBj"
"2","Атлантика - день 1","02 - День 1","13","13","14","52","DSC02090.JPG","02 - День 1/13_DSC02090.JPG","downloaded","2048","1536","158727","3f6f232b3cce49e299b1841087cfdfc185e16e521ff2bc318082d15cc2e66ba3","https://lh6.googleusercontent.com/-zFOMRfZGbC0/U_KyeY2UgGI/AAAAAAAAF1g/VF_SIg-icUA/w769-h577-no/DSC02090.JPG","https://lh6.googleusercontent.com/-zFOMRfZGbC0/U_KyeY2UgGI/AAAAAAAAF1g/VF_SIg-icUA/d/DSC02090.JPG","https://drive.google.com/thumbnail?id=1LOkNMTAwLhMyIOGk6SzNgtc5P6CGuu1Y&sz=w1600","1LOkNMTAwLhMyIOGk6SzNgtc5P6CGuu1Y"
"3","День 2 - Acadian Historical Village, Parlee beach","03 - День 2 - Акадийская деревня, пляж Парли","1","1","15","58","IMG_4152.JPG","03 - День 2 - Акадийская деревня, пляж Парли/01_IMG_4152.JPG","downloaded","2048","1152","833899","3a2d10aeb81950e5cf62e6fa44a41c4a9e69941bd895e3ce949d2b032c7f3702","https://lh5.googleusercontent.com/-8reYCq-J6nA/U_K8EBiPgbI/AAAAAAAAF3w/tr9YTJC9jXc/w1118-h629-no/IMG_4152.JPG","https://lh5.googleusercontent.com/-8reYCq-J6nA/U_K8EBiPgbI/AAAAAAAAF3w/tr9YTJC9jXc/d/IMG_4152.JPG","https://drive.google.com/thumbnail?id=11tB16_5GUdq4OE1023UMPSR4YBwLjCJT&sz=w1600","11tB16_5GUdq4OE1023UMPSR4YBwLjCJT"
"3","День 2 - Acadian Historical Village, Parlee beach","03 - День 2 - Акадийская деревня, пляж Парли","2","2","16","71","DSC02100.JPG","03 - День 2 - Акадийская деревня, пляж Парли/02_DSC02100.JPG","downloaded","2048","1536","486880","b486852e7c699b0d0765c34fce8256c618d59dd82dd8ddb32ff90435a35e8674","https://lh4.googleusercontent.com/-QHQl-vBRNWE/U_K6bZLLJKI/AAAAAAAAF2o/uWZgVVgEAbI/w945-h709-no/DSC02100.JPG","https://lh4.googleusercontent.com/-QHQl-vBRNWE/U_K6bZLLJKI/AAAAAAAAF2o/uWZgVVgEAbI/d/DSC02100.JPG","https://drive.google.com/thumbnail?id=1cs8gIvmnWfkc_WIkCMV95uPXWWs1NCd3&sz=w1600","1cs8gIvmnWfkc_WIkCMV95uPXWWs1NCd3"
"3","День 2 - Acadian Historical Village, Parlee beach","03 - День 2 - Акадийская деревня, пляж Парли","3","3","17","73","DSC02104.JPG","03 - День 2 - Акадийская деревня, пляж Парли/03_DSC02104.JPG","downloaded","2048","1536","586671","bb4302572bfe73a7e6eca30552438fec24d200c883534f3f212d211e8e607c3b","https://lh6.googleusercontent.com/-_eJlSfuOLto/U_K6s44LrsI/AAAAAAAAF24/IWJ7OIdjWCo/w945-h709-no/DSC02104.JPG","https://lh6.googleusercontent.com/-_eJlSfuOLto/U_K6s44LrsI/AAAAAAAAF24/IWJ7OIdjWCo/d/DSC02104.JPG","https://drive.google.com/thumbnail?id=1s9z3RllkFhAULxMxrjaK1NdLckg63XiP&sz=w1600","1s9z3RllkFhAULxMxrjaK1NdLckg63XiP"
"3","День 2 - Acadian Historical Village, Parlee beach","03 - День 2 - Акадийская деревня, пляж Парли","4","4","18","75","DSC02108.JPG","03 - День 2 - Акадийская деревня, пляж Парли/04_DSC02108.JPG","downloaded","2048","1536","516426","e8de418d5f5fe683f9a004480738348b38eda5c28b129417687ddf5eb971c722","https://lh6.googleusercontent.com/-yGdlMxyyMek/U_K6rX-NTrI/AAAAAAAAF2w/zDolLqLEq3E/w945-h709-no/DSC02108.JPG","https://lh6.googleusercontent.com/-yGdlMxyyMek/U_K6rX-NTrI/AAAAAAAAF2w/zDolLqLEq3E/d/DSC02108.JPG","https://drive.google.com/thumbnail?id=1OrzrIcpowSZauk8tTIYsIo3Ov_P_WfUF&sz=w1600","1OrzrIcpowSZauk8tTIYsIo3Ov_P_WfUF"
"3","День 2 - Acadian Historical Village, Parlee beach","03 - День 2 - Акадийская деревня, пляж Парли","5","5","19","77","DSC02109.JPG","03 - День 2 - Акадийская деревня, пляж Парли/05_DSC02109.JPG","downloaded","2048","1536","445720","9d1e49a0d085b0a43b89afd256cc2fc5d14bdafe9d077a3b44da0295d4a64b9e","https://lh6.googleusercontent.com/-oBK1dXpu194/U_K68Q6df9I/AAAAAAAAF3A/a0Zdh85cTW0/w945-h709-no/DSC02109.JPG","https://lh6.googleusercontent.com/-oBK1dXpu194/U_K68Q6df9I/AAAAAAAAF3A/a0Zdh85cTW0/d/DSC02109.JPG","https://drive.google.com/thumbnail?id=1u4ZxYDnOwolfrtlytdphxUaR4lTFhhkX&sz=w1600","1u4ZxYDnOwolfrtlytdphxUaR4lTFhhkX"
"3","День 2 - Acadian Historical Village, Parlee beach","03 - День 2 - Акадийская деревня, пляж Парли","6","6","20","81","IMG_4169.JPG","03 - День 2 - Акадийская деревня, пляж Парли/06_IMG_4169.JPG","downloaded","2048","1152","786360","0bb7b22e331d140d12ec3358183b007016e9b3d25bad4182af79d610d85393fc","https://lh3.googleusercontent.com/-llVmYI_yuw8/U_K8eG5NfmI/AAAAAAAAF4w/U_MrTemE88M/w1118-h629-no/IMG_4169.JPG","https://lh3.googleusercontent.com/-llVmYI_yuw8/U_K8eG5NfmI/AAAAAAAAF4w/U_MrTemE88M/d/IMG_4169.JPG","https://drive.google.com/thumbnail?id=15RT4utG3K4eg88GupBFLfsYdDtJa6zl3&sz=w1600","15RT4utG3K4eg88GupBFLfsYdDtJa6zl3"
"3","День 2 - Acadian Historical Village, Parlee beach","03 - День 2 - Акадийская деревня, пляж Парли","7","7","21","83","IMG_4153.JPG","03 - День 2 - Акадийская деревня, пляж Парли/07_IMG_4153.JPG","downloaded","2048","1152","371995","15683e20df4ba198a2e0891a82362fe9c9f96a62e20b68b62f583463c0c30736","https://lh6.googleusercontent.com/-6VQyA74Qjds/U_K8F17FDGI/AAAAAAAAF4A/6Arf-IH6cKU/w1118-h629-no/IMG_4153.JPG","https://lh6.googleusercontent.com/-6VQyA74Qjds/U_K8F17FDGI/AAAAAAAAF4A/6Arf-IH6cKU/d/IMG_4153.JPG","https://drive.google.com/thumbnail?id=19_iZ9gDtAoF2GuJNyhxm87C7AK9XTh4m&sz=w1600","19_iZ9gDtAoF2GuJNyhxm87C7AK9XTh4m"
"3","День 2 - Acadian Historical Village, Parlee beach","03 - День 2 - Акадийская деревня, пляж Парли","8","8","22","85","IMG_4159.JPG","03 - День 2 - Акадийская деревня, пляж Парли/08_IMG_4159.JPG","downloaded","2048","1152","347041","b0cdb8ffa15711d20e6e1d67a8f15c7ddd870d3dbd7134aa4b03a47f3671a717","https://lh6.googleusercontent.com/-RbbieTHMcMg/U_K8ONIwj5I/AAAAAAAAF4I/FH4Uqeyfspg/w1118-h629-no/IMG_4159.JPG","https://lh6.googleusercontent.com/-RbbieTHMcMg/U_K8ONIwj5I/AAAAAAAAF4I/FH4Uqeyfspg/d/IMG_4159.JPG","https://drive.google.com/thumbnail?id=14CTsyC8ZhxKWjGtoTM2AR-e5pKC_58qC&sz=w1600","14CTsyC8ZhxKWjGtoTM2AR-e5pKC_58qC"
"3","День 2 - Acadian Historical Village, Parlee beach","03 - День 2 - Акадийская деревня, пляж Парли","9","9","23","87","IMG_4156.JPG","03 - День 2 - Акадийская деревня, пляж Парли/09_IMG_4156.JPG","downloaded","2048","1152","841963","0f6e848a42e553258594d430dc4637fdfb57a40b612f653f782fd39011a555e9","https://lh6.googleusercontent.com/-3rzq_KooxNY/U_K8XgeMK-I/AAAAAAAAF4g/bqImFdAZeoE/w1118-h629-no/IMG_4156.JPG","https://lh6.googleusercontent.com/-3rzq_KooxNY/U_K8XgeMK-I/AAAAAAAAF4g/bqImFdAZeoE/d/IMG_4156.JPG","https://drive.google.com/thumbnail?id=1cbdn5G_Dp15b08iUNwVxPQALam9FpXa7&sz=w1600","1cbdn5G_Dp15b08iUNwVxPQALam9FpXa7"
"3","День 2 - Acadian Historical Village, Parlee beach","03 - День 2 - Акадийская деревня, пляж Парли","10","10","24","89","IMG_4164.JPG","03 - День 2 - Акадийская деревня, пляж Парли/10_IMG_4164.JPG","downloaded","2048","1152","335594","104f14586f39f470ec939f3394b6198e8de8fc63310ebe8f9cd56380795d06fd","https://lh3.googleusercontent.com/-864MRfevjwM/U_K8XEDrjEI/AAAAAAAAF4c/6pqp7tY3pTo/w1118-h629-no/IMG_4164.JPG","https://lh3.googleusercontent.com/-864MRfevjwM/U_K8XEDrjEI/AAAAAAAAF4c/6pqp7tY3pTo/d/IMG_4164.JPG","https://drive.google.com/thumbnail?id=1vkD_fGe7hN13ZG7W3GQI73y-SuouMGZb&sz=w1600","1vkD_fGe7hN13ZG7W3GQI73y-SuouMGZb"
"3","День 2 - Acadian Historical Village, Parlee beach","03 - День 2 - Акадийская деревня, пляж Парли","11","11","25","91","IMG_4162.JPG","03 - День 2 - Акадийская деревня, пляж Парли/11_IMG_4162.JPG","downloaded","2048","1152","409791","b1a907184ee28d253e84a5ba4c8b8db3a83888f9fb1747f2efbbe44f85aea698","https://lh5.googleusercontent.com/-kx3JQj_VS_Q/U_K8QBTpMxI/AAAAAAAAF4Q/R6yH4pojB68/w1118-h629-no/IMG_4162.JPG","https://lh5.googleusercontent.com/-kx3JQj_VS_Q/U_K8QBTpMxI/AAAAAAAAF4Q/R6yH4pojB68/d/IMG_4162.JPG","https://drive.google.com/thumbnail?id=12e3j6B9gl2CZWqGilqh36klr8bHXDhlh&sz=w1600","12e3j6B9gl2CZWqGilqh36klr8bHXDhlh"
"3","День 2 - Acadian Historical Village, Parlee beach","03 - День 2 - Акадийская деревня, пляж Парли","12","12","26","93","IMG_4171.JPG","03 - День 2 - Акадийская деревня, пляж Парли/12_IMG_4171.JPG","downloaded","2048","1152","661622","b213db4ac970af22d02b89c1675308c82f4bb6f777a8c8ac71d2f89a966bdb43","https://lh5.googleusercontent.com/-l5QZlA7G5lM/U_K8hqkfKbI/AAAAAAAAF44/0T3PTitFVV8/w1118-h629-no/IMG_4171.JPG","https://lh5.googleusercontent.com/-l5QZlA7G5lM/U_K8hqkfKbI/AAAAAAAAF44/0T3PTitFVV8/d/IMG_4171.JPG","https://drive.google.com/thumbnail?id=1WbqWs3cds2yf-IkQREctKH2fQgL0gUH_&sz=w1600","1WbqWs3cds2yf-IkQREctKH2fQgL0gUH_"
"3","День 2 - Acadian Historical Village, Parlee beach","03 - День 2 - Акадийская деревня, пляж Парли","13","13","27","95","IMG_4170.JPG","03 - День 2 - Акадийская деревня, пляж Парли/13_IMG_4170.JPG","downloaded","2048","1152","293225","d0072072c83e60baf8f71fe663184385981c45bb212e1d437f783552249d4350","https://lh5.googleusercontent.com/-8ZyTvc_-F3g/U_K8cp3J7tI/AAAAAAAAF4o/dcyagUhJ4ys/w1118-h629-no/IMG_4170.JPG","https://lh5.googleusercontent.com/-8ZyTvc_-F3g/U_K8cp3J7tI/AAAAAAAAF4o/dcyagUhJ4ys/d/IMG_4170.JPG","https://drive.google.com/thumbnail?id=1Ia4pxi-x7Zcq3rDsdGbuk07kc1J7uHT2&sz=w1600","1Ia4pxi-x7Zcq3rDsdGbuk07kc1J7uHT2"
"3","День 2 - Acadian Historical Village, Parlee beach","03 - День 2 - Акадийская деревня, пляж Парли","14","14","28","100","DSC02111.JPG","03 - День 2 - Акадийская деревня, пляж Парли/14_DSC02111.JPG","downloaded","2048","1536","561833","3dbd6a7540f3f9d5c8f6352edf8f16a414bea64026a75b5ed9472f7bcaeb8b53","https://lh5.googleusercontent.com/-MzwbofdK6ao/U_K7TbxgCJI/AAAAAAAAF3Q/zGqGwt3Beg8/w945-h709-no/DSC02111.JPG","https://lh5.googleusercontent.com/-MzwbofdK6ao/U_K7TbxgCJI/AAAAAAAAF3Q/zGqGwt3Beg8/d/DSC02111.JPG","https://drive.google.com/thumbnail?id=1MAxnIOs22UsQFvLlMpU1aGbl5wks9kau&sz=w1600","1MAxnIOs22UsQFvLlMpU1aGbl5wks9kau"
"3","День 2 - Acadian Historical Village, Parlee beach","03 - День 2 - Акадийская деревня, пляж Парли","15","15","29","102","DSC02114.JPG","03 - День 2 - Акадийская деревня, пляж Парли/15_DSC02114.JPG","downloaded","2048","1536","354226","d835ade20e5003ec790488fab99e63ffba32dec59d8e25cc3c5b5f9abe342c14","https://lh6.googleusercontent.com/-I-SpgNsF6Uo/U_K7PvHcOvI/AAAAAAAAF3I/nDl9KBYxsQI/w945-h709-no/DSC02114.JPG","https://lh6.googleusercontent.com/-I-SpgNsF6Uo/U_K7PvHcOvI/AAAAAAAAF3I/nDl9KBYxsQI/d/DSC02114.JPG","https://drive.google.com/thumbnail?id=1XSVEStV0IP0ekzLz6wQ_yldQl62dJL7H&sz=w1600","1XSVEStV0IP0ekzLz6wQ_yldQl62dJL7H"
"3","День 2 - Acadian Historical Village, Parlee beach","03 - День 2 - Акадийская деревня, пляж Парли","16","16","30","104","DSC02117.JPG","03 - День 2 - Акадийская деревня, пляж Парли/16_DSC02117.JPG","downloaded","2048","1536","527176","dc818313a1649c284c620fffccbc620411faad26bb10dab8e0effc0278c676bf","https://lh3.googleusercontent.com/-uPu0wvKds08/U_K7glEpGbI/AAAAAAAAF3Y/Ao9YD9Kwza0/w945-h709-no/DSC02117.JPG","https://lh3.googleusercontent.com/-uPu0wvKds08/U_K7glEpGbI/AAAAAAAAF3Y/Ao9YD9Kwza0/d/DSC02117.JPG","https://drive.google.com/thumbnail?id=1Hic6NYnwTqE8OPmd1OzyzCYJXzx3C2zk&sz=w1600","1Hic6NYnwTqE8OPmd1OzyzCYJXzx3C2zk"
"3","День 2 - Acadian Historical Village, Parlee beach","03 - День 2 - Акадийская деревня, пляж Парли","17","17","31","108","DSC02120.JPG","03 - День 2 - Акадийская деревня, пляж Парли/17_DSC02120.JPG","downloaded","2048","1536","522147","02e0794bb6d24e2d3eaa5625b47cd9801033c238d8900ac8c661cbeb501f9dcd","https://lh4.googleusercontent.com/-9tUh9wbG0gc/U_K70zNJO7I/AAAAAAAAF3g/aM0-muLxDv8/w945-h709-no/DSC02120.JPG","https://lh4.googleusercontent.com/-9tUh9wbG0gc/U_K70zNJO7I/AAAAAAAAF3g/aM0-muLxDv8/d/DSC02120.JPG","https://drive.google.com/thumbnail?id=16JEFTq_oey0vdWbdmSf7Cl4chqf7K1M9&sz=w1600","16JEFTq_oey0vdWbdmSf7Cl4chqf7K1M9"
"3","День 2 - Acadian Historical Village, Parlee beach","03 - День 2 - Акадийская деревня, пляж Парли","18","18","32","110","DSC02128.JPG","03 - День 2 - Акадийская деревня, пляж Парли/18_DSC02128.JPG","downloaded","2048","1536","307990","e5bc421e560b5aac28a950396cd0ebd01d0f105eeacb1eda7e1403f6ac75b01d","https://lh4.googleusercontent.com/-UhwGjvqTQAY/U_K8Ez0ZiUI/AAAAAAAAF34/iHR7fg5mfdk/w945-h709-no/DSC02128.JPG","https://lh4.googleusercontent.com/-UhwGjvqTQAY/U_K8Ez0ZiUI/AAAAAAAAF34/iHR7fg5mfdk/d/DSC02128.JPG","https://drive.google.com/thumbnail?id=1rDJ7EtV9ItDKaCHDRhj2cV5Y2lL0rR9W&sz=w1600","1rDJ7EtV9ItDKaCHDRhj2cV5Y2lL0rR9W"
"3","День 2 - Acadian Historical Village, Parlee beach","03 - День 2 - Акадийская деревня, пляж Парли","19","19","33","114","DSC02132.JPG","03 - День 2 - Акадийская деревня, пляж Парли/19_DSC02132.JPG","downloaded","2048","1536","370266","ff7501649692c99d2353b715604594a7631acd1caff61dbaf5340e000cd4b26d","https://lh5.googleusercontent.com/-HTHjHXmU_Bk/U_K76fVo_4I/AAAAAAAAF3o/cxdvTutUT2s/w945-h709-no/DSC02132.JPG","https://lh5.googleusercontent.com/-HTHjHXmU_Bk/U_K76fVo_4I/AAAAAAAAF3o/cxdvTutUT2s/d/DSC02132.JPG","https://drive.google.com/thumbnail?id=1mq4T0XQx1Ze0Jk1KaiYEdH5PIn0Hwgzn&sz=w1600","1mq4T0XQx1Ze0Jk1KaiYEdH5PIn0Hwgzn"
"4","День 3 - Hopewell Rocks","04 - День 3 - Скалы Хоупвелл","1","1","34","116","IMG_4227.JPG","04 - День 3 - Скалы Хоупвелл/01_IMG_4227.JPG","downloaded","2048","1152","485910","6b092883356479634ad3794fe521bca76246b1c2bd1d0eeccddfc89e90ba5dbe","https://lh5.googleusercontent.com/-ED8bn-BLxNY/U_N0vuZG-DI/AAAAAAAAF60/Y3PxgDql10s/w1118-h629-no/IMG_4227.JPG","https://lh5.googleusercontent.com/-ED8bn-BLxNY/U_N0vuZG-DI/AAAAAAAAF60/Y3PxgDql10s/d/IMG_4227.JPG","https://drive.google.com/thumbnail?id=1HZGMAfhegBtBKA3lqUFuOGqelTYwLUPx&sz=w1600","1HZGMAfhegBtBKA3lqUFuOGqelTYwLUPx"
"4","День 3 - Hopewell Rocks","04 - День 3 - Скалы Хоупвелл","2","2","35","122","DSC02139.JPG","04 - День 3 - Скалы Хоупвелл/02_DSC02139.JPG","downloaded","2048","1536","409474","b1803fc6ff73a3b76f76bb4dcec9b76384acf463d60a1e5849827b75c77a1aa8","https://lh6.googleusercontent.com/-QODPP5Q1b-4/U_Ny1HFdtNI/AAAAAAAAF6E/lkvnDfCrERs/w945-h709-no/DSC02139.JPG","https://lh6.googleusercontent.com/-QODPP5Q1b-4/U_Ny1HFdtNI/AAAAAAAAF6E/lkvnDfCrERs/d/DSC02139.JPG","https://drive.google.com/thumbnail?id=1YKXpTzUStqhy81SayF0qxcKmywo_rrjR&sz=w1600","1YKXpTzUStqhy81SayF0qxcKmywo_rrjR"
"4","День 3 - Hopewell Rocks","04 - День 3 - Скалы Хоупвелл","3","3","36","124","DSC02141.JPG","04 - День 3 - Скалы Хоупвелл/03_DSC02141.JPG","downloaded","2048","1536","411980","443073e60df7d755a796a94b2884799b9e30abda8e484b5d7d224556b82ace28","https://lh4.googleusercontent.com/-w6UjvAEGBI8/U_NyGJQrykI/AAAAAAAAF50/cO6GVmjHFTA/w945-h709-no/DSC02141.JPG","https://lh4.googleusercontent.com/-w6UjvAEGBI8/U_NyGJQrykI/AAAAAAAAF50/cO6GVmjHFTA/d/DSC02141.JPG","https://drive.google.com/thumbnail?id=1Qs2FfZpuMsFLBK1lj0QKrhtF_Bof56Lm&sz=w1600","1Qs2FfZpuMsFLBK1lj0QKrhtF_Bof56Lm"
"4","День 3 - Hopewell Rocks","04 - День 3 - Скалы Хоупвелл","4","4","37","130","IMG_4229.JPG","04 - День 3 - Скалы Хоупвелл/04_IMG_4229.JPG","downloaded","1152","2048","737165","2f3d738f4ae8debef869e688cfd38df9ccc59dd7e0ee834632bbb7d406ddd90c","https://lh6.googleusercontent.com/-q3DpbRrEuN8/U_Nzx0OD_0I/AAAAAAAAF6U/T1jvVCrwCF0/w399-h709-no/IMG_4229.JPG","https://lh6.googleusercontent.com/-q3DpbRrEuN8/U_Nzx0OD_0I/AAAAAAAAF6U/T1jvVCrwCF0/d/IMG_4229.JPG","https://drive.google.com/thumbnail?id=1eCLTyb8C8ueAmqOzzBW7NQGk_NY1KZEJ&sz=w1600","1eCLTyb8C8ueAmqOzzBW7NQGk_NY1KZEJ"
"4","День 3 - Hopewell Rocks","04 - День 3 - Скалы Хоупвелл","5","5","38","132","IMG_4179.JPG","04 - День 3 - Скалы Хоупвелл/05_IMG_4179.JPG","downloaded","2048","1152","569929","2b7f182c07269c3772589b38679b777447a4091dfc5c97f3af69a3edc8b107b8","https://lh3.googleusercontent.com/-ot-Ljv_HFJ8/U_NyEyo3h2I/AAAAAAAAF5s/zvZ9FHTBhss/w1118-h629-no/IMG_4179.JPG","https://lh3.googleusercontent.com/-ot-Ljv_HFJ8/U_NyEyo3h2I/AAAAAAAAF5s/zvZ9FHTBhss/d/IMG_4179.JPG","https://drive.google.com/thumbnail?id=1TBUV3JQIYhtJBKaXahiiKEA4v1hucA4N&sz=w1600","1TBUV3JQIYhtJBKaXahiiKEA4v1hucA4N"
"4","День 3 - Hopewell Rocks","04 - День 3 - Скалы Хоупвелл","6","6","39","134","IMG_4211.JPG","04 - День 3 - Скалы Хоупвелл/06_IMG_4211.JPG","downloaded","2048","1152","357060","8c049cf8872b3646868e4b4c11d90bd49fc83bb94f235c6c63348de872b0c1f2","https://lh3.googleusercontent.com/-PLTiPeFewqg/U_Nz3VG37HI/AAAAAAAAF6c/sbAe5D0AGEE/w1118-h629-no/IMG_4211.JPG","https://lh3.googleusercontent.com/-PLTiPeFewqg/U_Nz3VG37HI/AAAAAAAAF6c/sbAe5D0AGEE/d/IMG_4211.JPG","https://drive.google.com/thumbnail?id=16DxL3EPHPqYxjH8Ou4lROFCvGb4GI7P8&sz=w1600","16DxL3EPHPqYxjH8Ou4lROFCvGb4GI7P8"
"4","День 3 - Hopewell Rocks","04 - День 3 - Скалы Хоупвелл","7","7","40","136","IMG_4202.JPG","04 - День 3 - Скалы Хоупвелл/07_IMG_4202.JPG","downloaded","2048","1152","631232","80e11e6c73045487e055effc105cf947029f27405d3ac9ba606bb4e247b38739","https://lh4.googleusercontent.com/-EorlsIAqlzE/U_N0ZMIDm7I/AAAAAAAAF6s/UxxY0FVVBfE/w1118-h629-no/IMG_4202.JPG","https://lh4.googleusercontent.com/-EorlsIAqlzE/U_N0ZMIDm7I/AAAAAAAAF6s/UxxY0FVVBfE/d/IMG_4202.JPG","https://drive.google.com/thumbnail?id=10pvimxrmuhyM5FZmz6z-xgddivhKJLCT&sz=w1600","10pvimxrmuhyM5FZmz6z-xgddivhKJLCT"
"4","День 3 - Hopewell Rocks","04 - День 3 - Скалы Хоупвелл","8","8","41","138","IMG_4193.JPG","04 - День 3 - Скалы Хоупвелл/08_IMG_4193.JPG","downloaded","1152","2048","644201","734bdd61d03b69b26c3685524fab527e2b2f7da1261408abe03bd4d77f02bd27","https://lh4.googleusercontent.com/-npGumJrUxwc/U_NyC7JJ31I/AAAAAAAAF5k/9W_Xcri2gaQ/w399-h709-no/IMG_4193.JPG","https://lh4.googleusercontent.com/-npGumJrUxwc/U_NyC7JJ31I/AAAAAAAAF5k/9W_Xcri2gaQ/d/IMG_4193.JPG","https://drive.google.com/thumbnail?id=1rZBNbZqzUgcGSOGdFXWV2admn2Xlb3gK&sz=w1600","1rZBNbZqzUgcGSOGdFXWV2admn2Xlb3gK"
"4","День 3 - Hopewell Rocks","04 - День 3 - Скалы Хоупвелл","9","9","42","140","IMG_4206.JPG","04 - День 3 - Скалы Хоупвелл/09_IMG_4206.JPG","downloaded","1152","2048","648260","146af2387c069d95a264935b9f6872aaa2677c749346d7989143ed825dd3637e","https://lh5.googleusercontent.com/-HDlgokDzGJ4/U_N0CieH5_I/AAAAAAAAF6k/TbbItRYpG0E/w399-h709-no/IMG_4206.JPG","https://lh5.googleusercontent.com/-HDlgokDzGJ4/U_N0CieH5_I/AAAAAAAAF6k/TbbItRYpG0E/d/IMG_4206.JPG","https://drive.google.com/thumbnail?id=1Lib4p6DxQ8ZncleddSUnfcgh1tsKpFgp&sz=w1600","1Lib4p6DxQ8ZncleddSUnfcgh1tsKpFgp"
"4","День 3 - Hopewell Rocks","04 - День 3 - Скалы Хоупвелл","10","10","43","142","IMG_4220.JPG","04 - День 3 - Скалы Хоупвелл/10_IMG_4220.JPG","restored","2816","1584","1248920","13334cc7902312eda0c3aaad53fe52bc80de28412d8d7b58e8728f7c6e7349c5","https://lh6.googleusercontent.com/-J5n2Omebpzs/U-LiiFnuM9I/AAAAAAAAFzU/iDgU-UBTFsE/w1118-h629-no/IMG_4220.JPG","","https://drive.google.com/thumbnail?id=1QfWxGRh4rLxXLog6XrVY349vfZqp9-sl&sz=w1600","1QfWxGRh4rLxXLog6XrVY349vfZqp9-sl"
"4","День 3 - Hopewell Rocks","04 - День 3 - Скалы Хоупвелл","11","11","44","145","6a014e5f914cd8970c01910343ba75970c-500wi.jpg","04 - День 3 - Скалы Хоупвелл/11_6a014e5f914cd8970c01910343ba75970c-500wi.jpg","downloaded","500","375","64279","ca43a2ae89691fce2671aae0ba7baf7fc7cd8b3130f9b1ab74976fce2b777630","https://lh4.googleusercontent.com/-tBmvajMepNI/U_OSrbxkPOI/AAAAAAAAF7c/P3O3u9yT6lk/w500-h375-no/6a014e5f914cd8970c01910343ba75970c-500wi.jpg","https://lh4.googleusercontent.com/-tBmvajMepNI/U_OSrbxkPOI/AAAAAAAAF7c/P3O3u9yT6lk/d/6a014e5f914cd8970c01910343ba75970c-500wi.jpg","https://drive.google.com/thumbnail?id=1ey17S9-WuxrgEG_H9jf8NexM_kTwWGbj&sz=w1600","1ey17S9-WuxrgEG_H9jf8NexM_kTwWGbj"
"4","День 3 - Hopewell Rocks","04 - День 3 - Скалы Хоупвелл","12","12","45","152","20140804_170636.jpg","04 - День 3 - Скалы Хоупвелл/12_20140804_170636.jpg","downloaded","1536","2048","385533","94b99536d8958ab1a2ba5399b0d04b5c634741240892b8d18cea55cb5c4f8c67","https://lh4.googleusercontent.com/-isxngdfgIYg/U_NyxKBdA6I/AAAAAAAAF58/6vcngRsr_Oo/w532-h709-no/20140804_170636.jpg","https://lh4.googleusercontent.com/-isxngdfgIYg/U_NyxKBdA6I/AAAAAAAAF58/6vcngRsr_Oo/d/20140804_170636.jpg","https://drive.google.com/thumbnail?id=1fHJjibPw7lUjCn4bZErAjeeT0kjWgPVA&sz=w1600","1fHJjibPw7lUjCn4bZErAjeeT0kjWgPVA"
"5","День 4 - PEI","05 - День 4 - Остров Принца Эдуарда","1","1","46","156","IMG_4291.JPG","05 - День 4 - Остров Принца Эдуарда/01_IMG_4291.JPG","downloaded","2048","1152","401667","b84a028b75d399f11c353f38843ce2669b5c59cbe408a8a3a08aeb655df14c28","https://lh4.googleusercontent.com/-UBdHWmU6Ebo/U_ObXvZ1HlI/AAAAAAAAF9U/qzxm1nwinPk/w1026-h577-no/IMG_4291.JPG","https://lh4.googleusercontent.com/-UBdHWmU6Ebo/U_ObXvZ1HlI/AAAAAAAAF9U/qzxm1nwinPk/d/IMG_4291.JPG","https://drive.google.com/thumbnail?id=1iKtBDHtPGjGFL3bKvirdrYHj7H4DFCJN&sz=w1600","1iKtBDHtPGjGFL3bKvirdrYHj7H4DFCJN"
"5","День 4 - PEI","05 - День 4 - Остров Принца Эдуарда","2","2","47","163","DSC02149.JPG","05 - День 4 - Остров Принца Эдуарда/02_DSC02149.JPG","downloaded","2048","1536","920952","c64ff5c3bd1c45d4d8638acf92811ad545b66bd84edd8a94f6929f919ce57ad7","https://lh6.googleusercontent.com/-mJ74yi9aI8s/U_ObNbp39nI/AAAAAAAAF9E/vY4J3QFGGps/w769-h577-no/DSC02149.JPG","https://lh6.googleusercontent.com/-mJ74yi9aI8s/U_ObNbp39nI/AAAAAAAAF9E/vY4J3QFGGps/d/DSC02149.JPG","https://drive.google.com/thumbnail?id=1FW_peIwp5LnalbJxCBJBMiT6ByBD4PaU&sz=w1600","1FW_peIwp5LnalbJxCBJBMiT6ByBD4PaU"
"5","День 4 - PEI","05 - День 4 - Остров Принца Эдуарда","3","3","48","169","DSC02151.JPG","05 - День 4 - Остров Принца Эдуарда/03_DSC02151.JPG","downloaded","2048","1536","728960","514869857a15f903c659e23e6d945c9994899f6a08547f246613aeb092f77abe","https://lh5.googleusercontent.com/-rbahVU_HsFc/U_ObMQ9-R0I/AAAAAAAAF88/vkjeQomd5rc/w769-h577-no/DSC02151.JPG","https://lh5.googleusercontent.com/-rbahVU_HsFc/U_ObMQ9-R0I/AAAAAAAAF88/vkjeQomd5rc/d/DSC02151.JPG","https://drive.google.com/thumbnail?id=1sJ4HFOrfHpiZKpSAac7_h3EzSSsnI-z0&sz=w1600","1sJ4HFOrfHpiZKpSAac7_h3EzSSsnI-z0"
"5","День 4 - PEI","05 - День 4 - Остров Принца Эдуарда","4","4","49","175","IMG_4254.JPG","05 - День 4 - Остров Принца Эдуарда/04_IMG_4254.JPG","downloaded","2048","1152","396673","bdc253bd9043a15deba8729b2ab3d4c6c10fae5dd9e912132e985d70381fd2f8","https://lh5.googleusercontent.com/-kezTQDOZFCc/U_ObqP1UeXI/AAAAAAAAF90/MiuBWtFy2AQ/w1026-h577-no/IMG_4254.JPG","https://lh5.googleusercontent.com/-kezTQDOZFCc/U_ObqP1UeXI/AAAAAAAAF90/MiuBWtFy2AQ/d/IMG_4254.JPG","https://drive.google.com/thumbnail?id=1xiLRBsaQ8E5ImDOk-KyZvkph5O8aGy4e&sz=w1600","1xiLRBsaQ8E5ImDOk-KyZvkph5O8aGy4e"
"5","День 4 - PEI","05 - День 4 - Остров Принца Эдуарда","5","5","50","177","IMG_4299.JPG","05 - День 4 - Остров Принца Эдуарда/05_IMG_4299.JPG","downloaded","2048","1152","429747","9092624243228c4d95b74ae6cfea50cb5eface62b9a6c088c4f4ef5107e997dd","https://lh5.googleusercontent.com/-purbAgqb7rw/U_ObbPbWkNI/AAAAAAAAF9k/saAN4LYnEz4/w1026-h577-no/IMG_4299.JPG","https://lh5.googleusercontent.com/-purbAgqb7rw/U_ObbPbWkNI/AAAAAAAAF9k/saAN4LYnEz4/d/IMG_4299.JPG","https://drive.google.com/thumbnail?id=1x36kZyh6u5fWMIM7WWLeCXJFYCSHttBQ&sz=w1600","1x36kZyh6u5fWMIM7WWLeCXJFYCSHttBQ"
"5","День 4 - PEI","05 - День 4 - Остров Принца Эдуарда","6","6","51","179","IMG_4257.JPG","05 - День 4 - Остров Принца Эдуарда/06_IMG_4257.JPG","downloaded","2048","1152","715369","60162bc81391343d982c6603ff1af477693f9de03c479416f527797af3bdf491","https://lh6.googleusercontent.com/-erHnQQHJKyA/U_Pp2gMHQHI/AAAAAAAAF-U/g6gqgpTeGU8/w1026-h577-no/IMG_4257.JPG","https://lh6.googleusercontent.com/-erHnQQHJKyA/U_Pp2gMHQHI/AAAAAAAAF-U/g6gqgpTeGU8/d/IMG_4257.JPG","https://drive.google.com/thumbnail?id=1CkNTJobrWhdwNJf5u4fTiwL2ViaNNBPs&sz=w1600","1CkNTJobrWhdwNJf5u4fTiwL2ViaNNBPs"
"5","День 4 - PEI","05 - День 4 - Остров Принца Эдуарда","7","7","52","181","IMG_4308.JPG","05 - День 4 - Остров Принца Эдуарда/07_IMG_4308.JPG","downloaded","2048","1152","426962","2aa39840c02f5ef32e985ffe8dec9a2a72095d520417e944aa25bd77b77fc484","https://lh4.googleusercontent.com/-2wzctWkECp8/U_ObZs5fHWI/AAAAAAAAF9c/SJIcTYT7B7o/w1026-h577-no/IMG_4308.JPG","https://lh4.googleusercontent.com/-2wzctWkECp8/U_ObZs5fHWI/AAAAAAAAF9c/SJIcTYT7B7o/d/IMG_4308.JPG","https://drive.google.com/thumbnail?id=112JJ1KGl6dH-sQASfvDggOSclvrsb0yI&sz=w1600","112JJ1KGl6dH-sQASfvDggOSclvrsb0yI"
"5","День 4 - PEI","05 - День 4 - Остров Принца Эдуарда","8","8","53","185","IMG_4238.JPG","05 - День 4 - Остров Принца Эдуарда/08_IMG_4238.JPG","downloaded","2048","1152","186451","bdbcd685984b4318fea14b4a61c03b3fc336e126110355f458c2df3db76bbc31","https://lh5.googleusercontent.com/-HQUI-hi27Qg/U_ObhAsI5SI/AAAAAAAAF9s/Zd2K0Zaux6o/w1026-h577-no/IMG_4238.JPG","https://lh5.googleusercontent.com/-HQUI-hi27Qg/U_ObhAsI5SI/AAAAAAAAF9s/Zd2K0Zaux6o/d/IMG_4238.JPG","https://drive.google.com/thumbnail?id=1op-1fB9vXeGhY7tCaRY6HoYom-m8Ae-z&sz=w1600","1op-1fB9vXeGhY7tCaRY6HoYom-m8Ae-z"
"5","День 4 - PEI","05 - День 4 - Остров Принца Эдуарда","9","9","54","191","20140805_160005.jpg","05 - День 4 - Остров Принца Эдуарда/09_20140805_160005.jpg","downloaded","2048","1536","763969","75218ab3999bdee2841d3440e8185db80b336b970c879ea790dcbb89410f3ccd","https://lh6.googleusercontent.com/-ogAGwRopbX4/U_ObJIhi_aI/AAAAAAAAF8s/IIN87iBrpi8/w769-h577-no/20140805_160005.jpg","https://lh6.googleusercontent.com/-ogAGwRopbX4/U_ObJIhi_aI/AAAAAAAAF8s/IIN87iBrpi8/d/20140805_160005.jpg","https://drive.google.com/thumbnail?id=1YJqFeWDr9tsqRaoRJsqkfPx4oNrgImS0&sz=w1600","1YJqFeWDr9tsqRaoRJsqkfPx4oNrgImS0"
"5","День 4 - PEI","05 - День 4 - Остров Принца Эдуарда","10","10","55","193","20140805_161616.jpg","05 - День 4 - Остров Принца Эдуарда/10_20140805_161616.jpg","downloaded","2048","1536","644230","c7be18a38b8be1b8967e3dab104823ff7cf7cc29f43c9f6696cf435bd3ad7c72","https://lh6.googleusercontent.com/-mqtBnlfoqaM/U_OatPbMF8I/AAAAAAAAF74/V8QsiJEEBak/w769-h577-no/20140805_161616.jpg","https://lh6.googleusercontent.com/-mqtBnlfoqaM/U_OatPbMF8I/AAAAAAAAF74/V8QsiJEEBak/d/20140805_161616.jpg","https://drive.google.com/thumbnail?id=1esNN_iiYt3_7lKPTqeUHjyyU8kI_EdSc&sz=w1600","1esNN_iiYt3_7lKPTqeUHjyyU8kI_EdSc"
"5","День 4 - PEI","05 - День 4 - Остров Принца Эдуарда","11","11","56","195","20140805_164018.jpg","05 - День 4 - Остров Принца Эдуарда/11_20140805_164018.jpg","downloaded","2048","1536","855464","e83a5a2e70cce7d881095fcf658ef14255a04a783a9ea5abfd644ebb7a7400f6","https://lh3.googleusercontent.com/-TKYZOkWzjuM/U_OatuRF81I/AAAAAAAAF78/ZvfUrXvhE34/w769-h577-no/20140805_164018.jpg","https://lh3.googleusercontent.com/-TKYZOkWzjuM/U_OatuRF81I/AAAAAAAAF78/ZvfUrXvhE34/d/20140805_164018.jpg","https://drive.google.com/thumbnail?id=12CMSyrE1W6Kt9qZdUnz7nLGUOIeRnNdl&sz=w1600","12CMSyrE1W6Kt9qZdUnz7nLGUOIeRnNdl"
"5","День 4 - PEI","05 - День 4 - Остров Принца Эдуарда","12","12","57","197","20140805_173042.jpg","05 - День 4 - Остров Принца Эдуарда/12_20140805_173042.jpg","downloaded","1536","2048","556144","81f93a107d668ff41e8b7b8d0c5d9f1aefaa51d0724f88843f25ea4e25ba1a36","https://lh6.googleusercontent.com/-lz7LBafHNzI/U_Oa6s0sTVI/AAAAAAAAF8c/FlssKraG30c/w433-h577-no/20140805_173042.jpg","https://lh6.googleusercontent.com/-lz7LBafHNzI/U_Oa6s0sTVI/AAAAAAAAF8c/FlssKraG30c/d/20140805_173042.jpg","https://drive.google.com/thumbnail?id=1T3B3QNfZLSYR8vY8Op0IC-5lUfspEHl3&sz=w1600","1T3B3QNfZLSYR8vY8Op0IC-5lUfspEHl3"
"5","День 4 - PEI","05 - День 4 - Остров Принца Эдуарда","13","13","58","199","20140805_170511.jpg","05 - День 4 - Остров Принца Эдуарда/13_20140805_170511.jpg","downloaded","1536","2048","656455","5f893aee699e169505e226cbe3e4806157fb73223bf7acfb2aefba8ccc4f481b","https://lh3.googleusercontent.com/-Jjc15aEieIk/U_ObFX2CoHI/AAAAAAAAF8k/GKLiYtKaHCc/w433-h577-no/20140805_170511.jpg","https://lh3.googleusercontent.com/-Jjc15aEieIk/U_ObFX2CoHI/AAAAAAAAF8k/GKLiYtKaHCc/d/20140805_170511.jpg","https://drive.google.com/thumbnail?id=1PWb1GRChiYw8olYo2H_WvDXSFNE8Syck&sz=w1600","1PWb1GRChiYw8olYo2H_WvDXSFNE8Syck"
"5","День 4 - PEI","05 - День 4 - Остров Принца Эдуарда","14","14","59","204","20140805_170851.jpg","05 - День 4 - Остров Принца Эдуарда/14_20140805_170851.jpg","downloaded","2048","1536","553885","037087cf756d1e58bd6e411f036884683eff2e20224f4ec655e99a6b1edcf7c6","https://lh6.googleusercontent.com/-FeN3Dg1aRDk/U_OazF7wnEI/AAAAAAAAF8E/f5vkn7eQC-A/w769-h577-no/20140805_170851.jpg","https://lh6.googleusercontent.com/-FeN3Dg1aRDk/U_OazF7wnEI/AAAAAAAAF8E/f5vkn7eQC-A/d/20140805_170851.jpg","https://drive.google.com/thumbnail?id=1zMxnio4oYZ0zWa2FdPBqXP8D9Bk0BqBz&sz=w1600","1zMxnio4oYZ0zWa2FdPBqXP8D9Bk0BqBz"
"5","День 4 - PEI","05 - День 4 - Остров Принца Эдуарда","15","15","60","206","20140805_173055.jpg","05 - День 4 - Остров Принца Эдуарда/15_20140805_173055.jpg","downloaded","2048","1536","400404","0e4a6e1b399475565c8df11b3e8d390ba7f1503f71a0fbf9d32154d94cd5d04c","https://lh5.googleusercontent.com/-YNQbxt5ZDGQ/U_Oa1D39vjI/AAAAAAAAF8M/FXti-kwE4Kw/w769-h577-no/20140805_173055.jpg","https://lh5.googleusercontent.com/-YNQbxt5ZDGQ/U_Oa1D39vjI/AAAAAAAAF8M/FXti-kwE4Kw/d/20140805_173055.jpg","https://drive.google.com/thumbnail?id=13Q1yNY3VvEoxnFO6WwHAV-57HAQjIDvr&sz=w1600","13Q1yNY3VvEoxnFO6WwHAV-57HAQjIDvr"
"5","День 4 - PEI","05 - День 4 - Остров Принца Эдуарда","16","16","61","208","20140805_173617.jpg","05 - День 4 - Остров Принца Эдуарда/16_20140805_173617.jpg","downloaded","2048","1536","546270","d9f1ae4c80fb7b0f18298d7ac7b482e89f4fb1d14b1444416f6e84514e03fad2","https://lh6.googleusercontent.com/-RgQfbM_C6YE/U_Oa5APCT4I/AAAAAAAAF8U/nGhwQ9zSjCQ/w769-h577-no/20140805_173617.jpg","https://lh6.googleusercontent.com/-RgQfbM_C6YE/U_Oa5APCT4I/AAAAAAAAF8U/nGhwQ9zSjCQ/d/20140805_173617.jpg","https://drive.google.com/thumbnail?id=1sNEMfstXG2Yc5fLE81v0zts6i-B53nTn&sz=w1600","1sNEMfstXG2Yc5fLE81v0zts6i-B53nTn"
"5","День 4 - PEI","05 - День 4 - Остров Принца Эдуарда","17","17","62","213","20140805_182642.jpg","05 - День 4 - Остров Принца Эдуарда/17_20140805_182642.jpg","downloaded","2048","1536","393087","fb3f33c4166d9ee4604e5eb35dd6843d58f621084f18231fb67c0cdc53805ecd","https://lh5.googleusercontent.com/-uYOJ9fSFooo/U_Obv_p4KtI/AAAAAAAAF98/u4VY7hszVnQ/w769-h577-no/20140805_182642.jpg","https://lh5.googleusercontent.com/-uYOJ9fSFooo/U_Obv_p4KtI/AAAAAAAAF98/u4VY7hszVnQ/d/20140805_182642.jpg","https://drive.google.com/thumbnail?id=1_ID6k4xwkw80AqTfK7DFxSuPLxYLe0nK&sz=w1600","1_ID6k4xwkw80AqTfK7DFxSuPLxYLe0nK"
"5","День 4 - PEI","05 - День 4 - Остров Принца Эдуарда","18","18","63","217","20140805_185033.jpg","05 - День 4 - Остров Принца Эдуарда/18_20140805_185033.jpg","downloaded","2048","1536","956387","45e30e15fadc631da78147682096d4052c5454aa4f7230297838b36b58e7f770","https://lh5.googleusercontent.com/-NdIq-R5uiRI/U_ObKvNRh8I/AAAAAAAAF80/SVEShglen40/w769-h577-no/20140805_185033.jpg","https://lh5.googleusercontent.com/-NdIq-R5uiRI/U_ObKvNRh8I/AAAAAAAAF80/SVEShglen40/d/20140805_185033.jpg","https://drive.google.com/thumbnail?id=1XuKpWGHiD0XVvuzKmOAJkjWzKrjy9VkF&sz=w1600","1XuKpWGHiD0XVvuzKmOAJkjWzKrjy9VkF"
"6","День 5 - PEI","06 - День 5 - Остров Принца Эдуарда","1","1","64","221","IMG_4321.JPG","06 - День 5 - Остров Принца Эдуарда/01_IMG_4321.JPG","downloaded","2048","1152","647275","b035ed0546562fd0722f1d3965a45ab6a3fa96f5cebd1a6a30818ef55cc7f667","https://lh4.googleusercontent.com/Dbfu-TM4eTVkRysriYFbFxwIGqc6UDEghVOBMXWOeD0=w1026-h577-no","https://lh4.googleusercontent.com/Dbfu-TM4eTVkRysriYFbFxwIGqc6UDEghVOBMXWOeD0=d","https://drive.google.com/thumbnail?id=1MCDDFz9l-IKTgH7Oo3-OCiY8-6ij1CMp&sz=w1600","1MCDDFz9l-IKTgH7Oo3-OCiY8-6ij1CMp"
"6","День 5 - PEI","06 - День 5 - Остров Принца Эдуарда","2","2","65","228","IMG_4312.JPG","06 - День 5 - Остров Принца Эдуарда/02_IMG_4312.JPG","downloaded","2048","1152","426707","7c15629243a25691ff9c03669160f4c9cf1334f62762d495e11db465ea24bf06","https://lh5.googleusercontent.com/-IroObTxSHOs/U_PvmdBJglI/AAAAAAAAF_E/3B5sHoCRJKs/w1026-h577-no/IMG_4312.JPG","https://lh5.googleusercontent.com/-IroObTxSHOs/U_PvmdBJglI/AAAAAAAAF_E/3B5sHoCRJKs/d/IMG_4312.JPG","https://drive.google.com/thumbnail?id=1mDnUGIVwrh_h-JxryspFabohnTSGQaX2&sz=w1600","1mDnUGIVwrh_h-JxryspFabohnTSGQaX2"
"6","День 5 - PEI","06 - День 5 - Остров Принца Эдуарда","3","3","66","230","DSC02156.JPG","06 - День 5 - Остров Принца Эдуарда/03_DSC02156.JPG","downloaded","1536","2048","608008","d14411897cd7ac6f31d4327a441433fc98bc938b2aaa4b7158f8de255b49c394","https://lh4.googleusercontent.com/-6dSKedQLGII/U_PvDnGWc1I/AAAAAAAAF-w/C9QozFmV00A/w433-h577-no/DSC02156.JPG","https://lh4.googleusercontent.com/-6dSKedQLGII/U_PvDnGWc1I/AAAAAAAAF-w/C9QozFmV00A/d/DSC02156.JPG","https://drive.google.com/thumbnail?id=1m0YPBYfheI4yq11qTa9waRA22MuhO_bB&sz=w1600","1m0YPBYfheI4yq11qTa9waRA22MuhO_bB"
"6","День 5 - PEI","06 - День 5 - Остров Принца Эдуарда","4","4","67","232","DSC02171.JPG","06 - День 5 - Остров Принца Эдуарда/04_DSC02171.JPG","downloaded","1536","2048","390977","c623ab695246e8238b0c9281db2567a71dd7837f65f3f538d105cf316605b86c","https://lh5.googleusercontent.com/-wyBK2M4ovmo/U_PxKQNQJ3I/AAAAAAAAGAE/ivzDKR9wrs8/w433-h577-no/DSC02171.JPG","https://lh5.googleusercontent.com/-wyBK2M4ovmo/U_PxKQNQJ3I/AAAAAAAAGAE/ivzDKR9wrs8/d/DSC02171.JPG","https://drive.google.com/thumbnail?id=1iss8Uqg5J0eDMOM9GeEinrJ0Hyj8TVfw&sz=w1600","1iss8Uqg5J0eDMOM9GeEinrJ0Hyj8TVfw"
"6","День 5 - PEI","06 - День 5 - Остров Принца Эдуарда","5","5","68","236","DSC02159.JPG","06 - День 5 - Остров Принца Эдуарда/05_DSC02159.JPG","downloaded","2048","1536","706047","9113b494b9b11900b79211a9a0d74309320a8560be25138b4e74802bcde21cc0","https://lh3.googleusercontent.com/ZLXlarzI7SUoNAPRcrKRKnHCYNa4LBhGAa9Vj7S--kQ=w769-h577-no","https://lh3.googleusercontent.com/ZLXlarzI7SUoNAPRcrKRKnHCYNa4LBhGAa9Vj7S--kQ=d","https://drive.google.com/thumbnail?id=1DEH3oziALX1H-VtIwEvWz8FxsR7aPTK0&sz=w1600","1DEH3oziALX1H-VtIwEvWz8FxsR7aPTK0"
"6","День 5 - PEI","06 - День 5 - Остров Принца Эдуарда","6","6","69","240","DSC02160.JPG","06 - День 5 - Остров Принца Эдуарда/06_DSC02160.JPG","downloaded","2048","1536","621961","8aad503881d038956e734f089e8ebc5b0e6fa35c8689d110068f38327edd5298","https://lh4.googleusercontent.com/-1Gx82_-hJu8/U_PwPmhUriI/AAAAAAAAF_U/Fy9jbKRrEs8/w769-h577-no/DSC02160.JPG","https://lh4.googleusercontent.com/-1Gx82_-hJu8/U_PwPmhUriI/AAAAAAAAF_U/Fy9jbKRrEs8/d/DSC02160.JPG","https://drive.google.com/thumbnail?id=1JEsF2WHnrEZ7kE1b91NsnRHVAcBynWCW&sz=w1600","1JEsF2WHnrEZ7kE1b91NsnRHVAcBynWCW"
"6","День 5 - PEI","06 - День 5 - Остров Принца Эдуарда","7","7","70","244","DSC02162.JPG","06 - День 5 - Остров Принца Эдуарда/07_DSC02162.JPG","downloaded","2048","1536","598989","0bd22a2ea7e0a34f2e50813b8d808f1a6b2606f1ad7984f955e12e7c13a2c894","https://lh3.googleusercontent.com/-ziAEsVwDmrs/U_Pw4EL9GXI/AAAAAAAAF_s/RrG8XsL6tys/w769-h577-no/DSC02162.JPG","https://lh3.googleusercontent.com/-ziAEsVwDmrs/U_Pw4EL9GXI/AAAAAAAAF_s/RrG8XsL6tys/d/DSC02162.JPG","https://drive.google.com/thumbnail?id=11ia1yPJjGhWhV-6jpIHjkkhIrBjEnhxd&sz=w1600","11ia1yPJjGhWhV-6jpIHjkkhIrBjEnhxd"
"6","День 5 - PEI","06 - День 5 - Остров Принца Эдуарда","8","8","71","246","DSC02164.JPG","06 - День 5 - Остров Принца Эдуарда/08_DSC02164.JPG","downloaded","2048","1536","1005464","059fa23e3117ffde077bc256a5352da2edd5f2d5bf74676d878411f0c8e552a0","https://lh3.googleusercontent.com/-ElxhMsSTd08/U_PwuwwWI_I/AAAAAAAAF_c/CcVIbxIkAyg/w769-h577-no/DSC02164.JPG","https://lh3.googleusercontent.com/-ElxhMsSTd08/U_PwuwwWI_I/AAAAAAAAF_c/CcVIbxIkAyg/d/DSC02164.JPG","https://drive.google.com/thumbnail?id=1kWfOK1k2GLYDzaqbgcwgBsR1IVr1k5eU&sz=w1600","1kWfOK1k2GLYDzaqbgcwgBsR1IVr1k5eU"
"6","День 5 - PEI","06 - День 5 - Остров Принца Эдуарда","9","9","72","248","DSC02170.JPG","06 - День 5 - Остров Принца Эдуарда/09_DSC02170.JPG","downloaded","2048","1536","1004240","ebc382366db432f9ccabc8a04ba7c2a51d2e52c7947f613230aa6cec95e6b456","https://lh5.googleusercontent.com/-7hnQ6CvQL9k/U_Pwyv8tS7I/AAAAAAAAF_k/5LRS4zIgQ98/w769-h577-no/DSC02170.JPG","https://lh5.googleusercontent.com/-7hnQ6CvQL9k/U_Pwyv8tS7I/AAAAAAAAF_k/5LRS4zIgQ98/d/DSC02170.JPG","https://drive.google.com/thumbnail?id=1yvU-aOJ-qU0valcSObO0ZXHyYqkKdwkn&sz=w1600","1yvU-aOJ-qU0valcSObO0ZXHyYqkKdwkn"
"6","День 5 - PEI","06 - День 5 - Остров Принца Эдуарда","10","10","73","255","IMG_4341.JPG","06 - День 5 - Остров Принца Эдуарда/10_IMG_4341.JPG","downloaded","2048","1152","426958","8c91d7008d3e99c265809c2d5d6d504e61e84242acab9460ff486448a89477b5","https://lh4.googleusercontent.com/-IQPyKvFHWY0/U_PxBuVB3ZI/AAAAAAAAF_0/-dP2NjSHf_8/w1026-h577-no/IMG_4341.JPG","https://lh4.googleusercontent.com/-IQPyKvFHWY0/U_PxBuVB3ZI/AAAAAAAAF_0/-dP2NjSHf_8/d/IMG_4341.JPG","https://drive.google.com/thumbnail?id=1zIMdLx_tsktuCcgCA8WDaS5VFHhhXVTe&sz=w1600","1zIMdLx_tsktuCcgCA8WDaS5VFHhhXVTe"
"6","День 5 - PEI","06 - День 5 - Остров Принца Эдуарда","11","11","74","259","DSC02238.JPG","06 - День 5 - Остров Принца Эдуарда/11_DSC02238.JPG","downloaded","2048","1536","450822","9b58ea1e462d99dea098420fbb7362444e1befeacf6f286e51909fdf5d2ab4cc","https://lh3.googleusercontent.com/-FuVnSlfTElw/U_Px2vQHUeI/AAAAAAAAGAU/YEF-5TH6AHQ/w769-h577-no/DSC02238.JPG","https://lh3.googleusercontent.com/-FuVnSlfTElw/U_Px2vQHUeI/AAAAAAAAGAU/YEF-5TH6AHQ/d/DSC02238.JPG","https://drive.google.com/thumbnail?id=1TBVR0dJBQH1eQTaDRietGksarv4ylq9-&sz=w1600","1TBVR0dJBQH1eQTaDRietGksarv4ylq9-"
"6","День 5 - PEI","06 - День 5 - Остров Принца Эдуарда","12","12","75","261","DSC02222.JPG","06 - День 5 - Остров Принца Эдуарда/12_DSC02222.JPG","downloaded","2048","1536","296457","d783529ef91d436dab97251cce7cdbc3ec24517b6e92aa673bce061ded111907","https://lh4.googleusercontent.com/-SVDHO_7kbww/U_Pyr7UD9VI/AAAAAAAAGA4/MCROVOG3Pqg/w769-h577-no/DSC02222.JPG","https://lh4.googleusercontent.com/-SVDHO_7kbww/U_Pyr7UD9VI/AAAAAAAAGA4/MCROVOG3Pqg/d/DSC02222.JPG","https://drive.google.com/thumbnail?id=18qkmfy9GO-ek7exM369vBlKOKZs0cdEF&sz=w1600","18qkmfy9GO-ek7exM369vBlKOKZs0cdEF"
"6","День 5 - PEI","06 - День 5 - Остров Принца Эдуарда","13","13","76","263","DSC02225.JPG","06 - День 5 - Остров Принца Эдуарда/13_DSC02225.JPG","downloaded","2048","1536","255792","8d91956f784fdd80a541b369362aace989dcfa37a5907489143a961c242cd82c","https://lh6.googleusercontent.com/-ZFVF-5OHVpo/U_PxsioqhwI/AAAAAAAAGAM/jiSi0RAEJzg/w769-h577-no/DSC02225.JPG","https://lh6.googleusercontent.com/-ZFVF-5OHVpo/U_PxsioqhwI/AAAAAAAAGAM/jiSi0RAEJzg/d/DSC02225.JPG","https://drive.google.com/thumbnail?id=1npG1tpYJZ-AcMUkARMm3zYDuf3ATzFs3&sz=w1600","1npG1tpYJZ-AcMUkARMm3zYDuf3ATzFs3"
"6","День 5 - PEI","06 - День 5 - Остров Принца Эдуарда","14","14","77","265","DSC02224.JPG","06 - День 5 - Остров Принца Эдуарда/14_DSC02224.JPG","downloaded","2048","1536","388122","4cd8faa1f154473bf132b46ceffb5fb7c86342009565b9effc5b0c14f8c610d7","https://lh6.googleusercontent.com/-FmUe9VMlXlY/U_Pye0RNZWI/AAAAAAAAGAs/cDLaqiqznIw/w769-h577-no/DSC02224.JPG","https://lh6.googleusercontent.com/-FmUe9VMlXlY/U_Pye0RNZWI/AAAAAAAAGAs/cDLaqiqznIw/d/DSC02224.JPG","https://drive.google.com/thumbnail?id=1Ufq8HkM8a1b6u5UN5kcMeTFi8J8aCaca&sz=w1600","1Ufq8HkM8a1b6u5UN5kcMeTFi8J8aCaca"
"6","День 5 - PEI","06 - День 5 - Остров Принца Эдуарда","15","15","78","267","DSC02182.JPG","06 - День 5 - Остров Принца Эдуарда/15_DSC02182.JPG","downloaded","1536","2048","274816","e77386f1cd88ab888e15f1ec80d2e2bc484160b1bd62e93286c4ce864d707bc7","https://lh5.googleusercontent.com/-_EISPtWsrzo/U_PyscYk96I/AAAAAAAAGA8/jU-pDl1wDTg/w433-h577-no/DSC02182.JPG","https://lh5.googleusercontent.com/-_EISPtWsrzo/U_PyscYk96I/AAAAAAAAGA8/jU-pDl1wDTg/d/DSC02182.JPG","https://drive.google.com/thumbnail?id=1d76DchGWdEnhUFa2qOhtfVeZwLzq98xB&sz=w1600","1d76DchGWdEnhUFa2qOhtfVeZwLzq98xB"
"6","День 5 - PEI","06 - День 5 - Остров Принца Эдуарда","16","16","79","269","DSC02231.JPG","06 - День 5 - Остров Принца Эдуарда/16_DSC02231.JPG","downloaded","2048","1536","347601","c78b15c88969ec04da0975a3264b904f08b40e40d9f1ba22096e06c2e930a00e","https://lh3.googleusercontent.com/-wO4GmKQWgwY/U_PyUgQz25I/AAAAAAAAGAk/mW-AKIRwy3Q/w769-h577-no/DSC02231.JPG","https://lh3.googleusercontent.com/-wO4GmKQWgwY/U_PyUgQz25I/AAAAAAAAGAk/mW-AKIRwy3Q/d/DSC02231.JPG","https://drive.google.com/thumbnail?id=1BLFArtbK0ZJ_NZEu8Ut0WuvUpo4-PM4d&sz=w1600","1BLFArtbK0ZJ_NZEu8Ut0WuvUpo4-PM4d"
"7","День 6 - PEI","07 - День 6 - Остров Принца Эдуарда","1","1","80","275","DSC02246.JPG","07 - День 6 - Остров Принца Эдуарда/01_DSC02246.JPG","downloaded","1536","2048","396425","77cbebd67d7b143b406333e43c54d08e53922e49a2f08c7b7f095f42f701bd38","https://lh4.googleusercontent.com/-2VOdxDrCHPU/U_TuyhjG04I/AAAAAAAAGEk/e0pd7NLw6aM/w532-h709-no/DSC02246.JPG","https://lh4.googleusercontent.com/-2VOdxDrCHPU/U_TuyhjG04I/AAAAAAAAGEk/e0pd7NLw6aM/d/DSC02246.JPG","https://drive.google.com/thumbnail?id=1gkqXwzFwKwCT0sM9ak79Vh3wCaopXyRC&sz=w1600","1gkqXwzFwKwCT0sM9ak79Vh3wCaopXyRC"
"7","День 6 - PEI","07 - День 6 - Остров Принца Эдуарда","2","2","81","281","IMG_4362.JPG","07 - День 6 - Остров Принца Эдуарда/02_IMG_4362.JPG","downloaded","2048","1152","319370","468820d1aca2b30223185382403b86de721ffe5a4fec0ab2ae9a3dee7fa871d1","https://lh6.googleusercontent.com/-v65EbbX1KTw/U_Tu1xg7--I/AAAAAAAAGFs/OiACgNs79J0/w1118-h629-no/IMG_4362.JPG","https://lh6.googleusercontent.com/-v65EbbX1KTw/U_Tu1xg7--I/AAAAAAAAGFs/OiACgNs79J0/d/IMG_4362.JPG","https://drive.google.com/thumbnail?id=1Ph_Q0eQDio8-zYduIkReTjBkyjzM3ykz&sz=w1600","1Ph_Q0eQDio8-zYduIkReTjBkyjzM3ykz"
"7","День 6 - PEI","07 - День 6 - Остров Принца Эдуарда","3","3","82","283","IMG_4347.JPG","07 - День 6 - Остров Принца Эдуарда/03_IMG_4347.JPG","downloaded","2048","1152","354004","907b3d80b82cc2eb3f22e384bd24e743385ea56c42cddebfd0ab1b62adea8f8f","https://lh4.googleusercontent.com/-MltkyzkDb3o/U_Tu1TutbgI/AAAAAAAAGF8/9AIBAC1wF2Q/w1118-h629-no/IMG_4347.JPG","https://lh4.googleusercontent.com/-MltkyzkDb3o/U_Tu1TutbgI/AAAAAAAAGF8/9AIBAC1wF2Q/d/IMG_4347.JPG","https://drive.google.com/thumbnail?id=17L2kzjocBzMTd0_41ePcCXtNrsR999ms&sz=w1600","17L2kzjocBzMTd0_41ePcCXtNrsR999ms"
"7","День 6 - PEI","07 - День 6 - Остров Принца Эдуарда","4","4","83","287","IMG_4343.JPG","07 - День 6 - Остров Принца Эдуарда/04_IMG_4343.JPG","downloaded","2048","1152","513796","4e6a982217530f62696474a5a74de6538db34df6ab677a6a1e3c6d460bcc00be","https://lh5.googleusercontent.com/-Ttd42VyJBUE/U_Tu1FpZvcI/AAAAAAAAGFk/gsrmo_3zi4A/w1118-h629-no/IMG_4343.JPG","https://lh5.googleusercontent.com/-Ttd42VyJBUE/U_Tu1FpZvcI/AAAAAAAAGFk/gsrmo_3zi4A/d/IMG_4343.JPG","https://drive.google.com/thumbnail?id=1mtHJ4uvlwdPG-61q83eS1QUGS14ZZw_l&sz=w1600","1mtHJ4uvlwdPG-61q83eS1QUGS14ZZw_l"
"7","День 6 - PEI","07 - День 6 - Остров Принца Эдуарда","5","5","84","289","IMG_4353.JPG","07 - День 6 - Остров Принца Эдуарда/05_IMG_4353.JPG","downloaded","2048","1152","376968","b95db99f47abf3c5b9b21ebd281489a86c830eea2f257c94c5d3c7d34f5693b8","https://lh6.googleusercontent.com/-7DjdqwhnppU/U_TvHQCxB_I/AAAAAAAAGGE/Of6W8pF9BRE/w1118-h629-no/IMG_4353.JPG","https://lh6.googleusercontent.com/-7DjdqwhnppU/U_TvHQCxB_I/AAAAAAAAGGE/Of6W8pF9BRE/d/IMG_4353.JPG","https://drive.google.com/thumbnail?id=1eZtZy5-5d04aQ0kWqao07GZLDsG_bCqR&sz=w1600","1eZtZy5-5d04aQ0kWqao07GZLDsG_bCqR"
"7","День 6 - PEI","07 - День 6 - Остров Принца Эдуарда","6","6","85","294","DSC02272.JPG","07 - День 6 - Остров Принца Эдуарда/06_DSC02272.JPG","downloaded","2048","1536","511808","606fa4fd0fd256675f9f0dbb79f1f8a2db33b77708cae76e9f2c3c9cb87ab306","https://lh6.googleusercontent.com/-P1wfGKm0h5E/U_Tu1CXAg7I/AAAAAAAAGFg/I0mnMjVv4nk/w945-h709-no/DSC02272.JPG","https://lh6.googleusercontent.com/-P1wfGKm0h5E/U_Tu1CXAg7I/AAAAAAAAGFg/I0mnMjVv4nk/d/DSC02272.JPG","https://drive.google.com/thumbnail?id=1mvK3AxQ21eHZxnbxZpEgV6tJ7eVyDCIc&sz=w1600","1mvK3AxQ21eHZxnbxZpEgV6tJ7eVyDCIc"
"7","День 6 - PEI","07 - День 6 - Остров Принца Эдуарда","7","7","86","298","IMG_4475.JPG","07 - День 6 - Остров Принца Эдуарда/07_IMG_4475.JPG","downloaded","2048","1152","533424","2e426fd25066df259e87d646cf82139b1a7d9af3b923bc5ac62698dfed02f50c","https://lh3.googleusercontent.com/-3-auQTjTbzw/U_Y6VWvMw_I/AAAAAAAAGIc/i-5sXOz-_Z4/w1118-h629-no/IMG_4475.JPG","https://lh3.googleusercontent.com/-3-auQTjTbzw/U_Y6VWvMw_I/AAAAAAAAGIc/i-5sXOz-_Z4/d/IMG_4475.JPG","https://drive.google.com/thumbnail?id=1IxdwlrrkVIoNmq6tK1dkE-djMhsPpCy_&sz=w1600","1IxdwlrrkVIoNmq6tK1dkE-djMhsPpCy_"
"7","День 6 - PEI","07 - День 6 - Остров Принца Эдуарда","8","8","87","300","IMG_4427.JPG","07 - День 6 - Остров Принца Эдуарда/08_IMG_4427.JPG","downloaded","2048","1152","363961","e932db46de99b524f95bb7a3fb27f258963bae509d659bad408c2fbdaadc2c44","https://lh3.googleusercontent.com/-ifZaXTSnVYM/U_TvZEAFhII/AAAAAAAAGG4/rP4ZWQcar98/w1118-h629-no/IMG_4427.JPG","https://lh3.googleusercontent.com/-ifZaXTSnVYM/U_TvZEAFhII/AAAAAAAAGG4/rP4ZWQcar98/d/IMG_4427.JPG","https://drive.google.com/thumbnail?id=1KQtPGMBYeA56lVmGwg7K-0_5_BpUpwFp&sz=w1600","1KQtPGMBYeA56lVmGwg7K-0_5_BpUpwFp"
"7","День 6 - PEI","07 - День 6 - Остров Принца Эдуарда","9","9","88","302","IMG_4409.JPG","07 - День 6 - Остров Принца Эдуарда/09_IMG_4409.JPG","downloaded","2048","1152","337158","9b24f093702d4797d858a19ff0b737b8967b2a35c6c53fabd703a53aeadb6711","https://lh5.googleusercontent.com/-gXwSI60fCus/U_TvZCnTeFI/AAAAAAAAGG0/xDcoGbx5uBw/w1118-h629-no/IMG_4409.JPG","https://lh5.googleusercontent.com/-gXwSI60fCus/U_TvZCnTeFI/AAAAAAAAGG0/xDcoGbx5uBw/d/IMG_4409.JPG","https://drive.google.com/thumbnail?id=1Vo9Jo1x-JrYDjMhSuJ-zkuSiiv7THjSI&sz=w1600","1Vo9Jo1x-JrYDjMhSuJ-zkuSiiv7THjSI"
"7","День 6 - PEI","07 - День 6 - Остров Принца Эдуарда","10","10","89","306","IMG_4385.JPG","07 - День 6 - Остров Принца Эдуарда/10_IMG_4385.JPG","downloaded","2048","1152","567630","9f5f5ea73602459f6d74a956abb8e8c671041d9dab7947d7df203a41497e90b1","https://lh5.googleusercontent.com/-daSq3IAauTs/U_TvS4Mic4I/AAAAAAAAGGc/RahFlAGfRNU/w1118-h629-no/IMG_4385.JPG","https://lh5.googleusercontent.com/-daSq3IAauTs/U_TvS4Mic4I/AAAAAAAAGGc/RahFlAGfRNU/d/IMG_4385.JPG","https://drive.google.com/thumbnail?id=1khD4BZvEVL1C0nfetFut-JbV8S7Vhnh7&sz=w1600","1khD4BZvEVL1C0nfetFut-JbV8S7Vhnh7"
"7","День 6 - PEI","07 - День 6 - Остров Принца Эдуарда","11","11","90","308","IMG_4390.JPG","07 - День 6 - Остров Принца Эдуарда/11_IMG_4390.JPG","downloaded","2048","1152","475051","966e258daccce822d271412957b32d38edf66deb71c855c96f774bd79277bee5","https://lh3.googleusercontent.com/-3OAnAS7huYg/U_TvSymY3QI/AAAAAAAAGGg/WWsa-fe9-dc/w1118-h629-no/IMG_4390.JPG","https://lh3.googleusercontent.com/-3OAnAS7huYg/U_TvSymY3QI/AAAAAAAAGGg/WWsa-fe9-dc/d/IMG_4390.JPG","https://drive.google.com/thumbnail?id=1hwfUKYDIUW8-nNDt2AsrWwfDb75ulftL&sz=w1600","1hwfUKYDIUW8-nNDt2AsrWwfDb75ulftL"
"7","День 6 - PEI","07 - День 6 - Остров Принца Эдуарда","12","12","91","314","IMG_4413.JPG","07 - День 6 - Остров Принца Эдуарда/12_IMG_4413.JPG","downloaded","2048","1152","337202","0c44c3be7d21446f05c75e92b0d2ddfea103eb0b85c1eae5b2989b96b2ef52e3","https://lh6.googleusercontent.com/-xEe9unD3r1s/U_Tw1naO3dI/AAAAAAAAGIE/Y-4i8Pf5lP0/w1118-h629-no/IMG_4413.JPG","https://lh6.googleusercontent.com/-xEe9unD3r1s/U_Tw1naO3dI/AAAAAAAAGIE/Y-4i8Pf5lP0/d/IMG_4413.JPG","https://drive.google.com/thumbnail?id=1b10Ox6PQTMrXjKpd_FopnulaIBpZ37TT&sz=w1600","1b10Ox6PQTMrXjKpd_FopnulaIBpZ37TT"
"7","День 6 - PEI","07 - День 6 - Остров Принца Эдуарда","13","13","92","318","IMG_4391.JPG","07 - День 6 - Остров Принца Эдуарда/13_IMG_4391.JPG","downloaded","2048","1152","449221","f6bc9da6bbd1431a6cb09d7dd6de9ad4e6b4d9a2c3b3fbe8fe6f7452311c334a","https://lh6.googleusercontent.com/-2gzxCHqgavo/U_TvSyPDdCI/AAAAAAAAGGk/nm64qLDCZnw/w1118-h629-no/IMG_4391.JPG","https://lh6.googleusercontent.com/-2gzxCHqgavo/U_TvSyPDdCI/AAAAAAAAGGk/nm64qLDCZnw/d/IMG_4391.JPG","https://drive.google.com/thumbnail?id=1NpK69TBTF-DTwHF-1levV0za74IvzoHs&sz=w1600","1NpK69TBTF-DTwHF-1levV0za74IvzoHs"
"7","День 6 - PEI","07 - День 6 - Остров Принца Эдуарда","14","14","93","320","IMG_4398.JPG","07 - День 6 - Остров Принца Эдуарда/14_IMG_4398.JPG","downloaded","2048","1152","388792","4d0623c5c2ae5323bd7758089602de2b1505163310935b2e2c8e55361f085baa","https://lh4.googleusercontent.com/-93yBheHMULg/U_TvTQzNDaI/AAAAAAAAGGo/X2D1a6hfEwo/w1118-h629-no/IMG_4398.JPG","https://lh4.googleusercontent.com/-93yBheHMULg/U_TvTQzNDaI/AAAAAAAAGGo/X2D1a6hfEwo/d/IMG_4398.JPG","https://drive.google.com/thumbnail?id=1XTvvuaWmfG2Ldrz7TA4ctL-8qm-Zu8bG&sz=w1600","1XTvvuaWmfG2Ldrz7TA4ctL-8qm-Zu8bG"
"7","День 6 - PEI","07 - День 6 - Остров Принца Эдуарда","15","15","94","324","DSC02242.JPG","07 - День 6 - Остров Принца Эдуарда/15_DSC02242.JPG","downloaded","2048","1536","468842","3dca6cdb673819bf57796cbcc6cf490a037bc464d45541543594d4331ff15fc2","https://lh6.googleusercontent.com/-va7b5dlJ9Eo/U_TuyqwmJfI/AAAAAAAAGEw/OK1lUeMNI7k/w945-h709-no/DSC02242.JPG","https://lh6.googleusercontent.com/-va7b5dlJ9Eo/U_TuyqwmJfI/AAAAAAAAGEw/OK1lUeMNI7k/d/DSC02242.JPG","https://drive.google.com/thumbnail?id=1iEQSbKGw7lw-1GeVVR4un50v0jVmPP2q&sz=w1600","1iEQSbKGw7lw-1GeVVR4un50v0jVmPP2q"
"7","День 6 - PEI","07 - День 6 - Остров Принца Эдуарда","16","16","95","328","DSC02257.JPG","07 - День 6 - Остров Принца Эдуарда/16_DSC02257.JPG","downloaded","1536","2048","435129","530369d4757d5ddc9bf88ed2c1a981c0edfc5c455cef73f598bbf7c71f772560","https://lh4.googleusercontent.com/-n86iesQro7Y/U_Tuy12pxAI/AAAAAAAAGEo/IBb9lH7gfbk/w532-h709-no/DSC02257.JPG","https://lh4.googleusercontent.com/-n86iesQro7Y/U_Tuy12pxAI/AAAAAAAAGEo/IBb9lH7gfbk/d/DSC02257.JPG","https://drive.google.com/thumbnail?id=1bfr4dTenXGo3lRroMBzs5jTJBsWN499E&sz=w1600","1bfr4dTenXGo3lRroMBzs5jTJBsWN499E"
"7","День 6 - PEI","07 - День 6 - Остров Принца Эдуарда","17","17","96","330","DSC02261.JPG","07 - День 6 - Остров Принца Эдуарда/17_DSC02261.JPG","downloaded","2048","1536","635517","9db706f31b3dabf68c8e4482343be114fdf14f50bbe163cfb17807ccaecb4f4b","https://lh5.googleusercontent.com/-M5neFnKpQe4/U_Tuzz_QtBI/AAAAAAAAGE8/GUsnj44LkPQ/w945-h709-no/DSC02261.JPG","https://lh5.googleusercontent.com/-M5neFnKpQe4/U_Tuzz_QtBI/AAAAAAAAGE8/GUsnj44LkPQ/d/DSC02261.JPG","https://drive.google.com/thumbnail?id=1O4qSFbP1wqtiAqIbU53ZGc788ZPwqtL6&sz=w1600","1O4qSFbP1wqtiAqIbU53ZGc788ZPwqtL6"
"7","День 6 - PEI","07 - День 6 - Остров Принца Эдуарда","18","18","97","332","DSC02263.JPG","07 - День 6 - Остров Принца Эдуарда/18_DSC02263.JPG","downloaded","1536","2048","543028","fa403c865bf5a0934a3220acedf4ef6a0e2b1f00c4389161d1834c2db6798d6d","https://lh6.googleusercontent.com/-xxVlVU_CIjc/U_Tu0F0eipI/AAAAAAAAGFU/krGVdFLWhU8/w532-h709-no/DSC02263.JPG","https://lh6.googleusercontent.com/-xxVlVU_CIjc/U_Tu0F0eipI/AAAAAAAAGFU/krGVdFLWhU8/d/DSC02263.JPG","https://drive.google.com/thumbnail?id=174TVFIaFJWZY5INi5heaVSHUx6PPRCCG&sz=w1600","174TVFIaFJWZY5INi5heaVSHUx6PPRCCG"
"7","День 6 - PEI","07 - День 6 - Остров Принца Эдуарда","19","19","98","336","IMG_4435.JPG","07 - День 6 - Остров Принца Эдуарда/19_IMG_4435.JPG","downloaded","2048","1152","346096","538fa4906d3d092198b77985d51f03d9d622e54fe408bc7313e71eeb94f0eafd","https://lh5.googleusercontent.com/-BkB-uvG4yuw/U_Twbe1YEfI/AAAAAAAAGHk/SI1Yqh_v9Ug/w1118-h629-no/IMG_4435.JPG","https://lh5.googleusercontent.com/-BkB-uvG4yuw/U_Twbe1YEfI/AAAAAAAAGHk/SI1Yqh_v9Ug/d/IMG_4435.JPG","https://drive.google.com/thumbnail?id=1pCq-UaiqPdcesUTegpOxoHb5ciEuux3F&sz=w1600","1pCq-UaiqPdcesUTegpOxoHb5ciEuux3F"
"7","День 6 - PEI","07 - День 6 - Остров Принца Эдуарда","20","20","99","338","IMG_4443.JPG","07 - День 6 - Остров Принца Эдуарда/20_IMG_4443.JPG","downloaded","2048","1152","291270","bb59554db1532ae0ff61a5f20bf683ba950bf16d66c003f4dd0f3da3ea74915a","https://lh6.googleusercontent.com/-ApjuIdJpR1Y/U_TwhBxi5hI/AAAAAAAAGHs/HYA5zvgiNsI/w1118-h629-no/IMG_4443.JPG","https://lh6.googleusercontent.com/-ApjuIdJpR1Y/U_TwhBxi5hI/AAAAAAAAGHs/HYA5zvgiNsI/d/IMG_4443.JPG","https://drive.google.com/thumbnail?id=1zrX_9MBr_UVTgk0DqQryTBEzcxNP-S-2&sz=w1600","1zrX_9MBr_UVTgk0DqQryTBEzcxNP-S-2"
"7","День 6 - PEI","07 - День 6 - Остров Принца Эдуарда","21","21","100","340","IMG_4434.JPG","07 - День 6 - Остров Принца Эдуарда/21_IMG_4434.JPG","downloaded","2048","1152","108190","a209665ddf126628e9ee5b377e26aedc9b6662d2df9d35f0c38f91490cac277b","https://lh3.googleusercontent.com/-xW2gDjcRYZQ/U_TwnFHtZfI/AAAAAAAAGH4/QaBcytcjhLU/w1118-h629-no/IMG_4434.JPG","https://lh3.googleusercontent.com/-xW2gDjcRYZQ/U_TwnFHtZfI/AAAAAAAAGH4/QaBcytcjhLU/d/IMG_4434.JPG","https://drive.google.com/thumbnail?id=1g9DPPnl2AYRCw7B89HlkSXLUtv1kA0yL&sz=w1600","1g9DPPnl2AYRCw7B89HlkSXLUtv1kA0yL"
"7","День 6 - PEI","07 - День 6 - Остров Принца Эдуарда","22","22","101","342","DSC02270.JPG","07 - День 6 - Остров Принца Эдуарда/22_DSC02270.JPG","downloaded","2048","1536","142108","cdbbe919c8e4ba13a5371f17bafc96a15be7e4b3df741b4f6ec225ccb330889a","https://lh3.googleusercontent.com/-q3gxXarKR2g/U_Tu0kMvOSI/AAAAAAAAGFQ/yv_FbVFobmw/w945-h709-no/DSC02270.JPG","https://lh3.googleusercontent.com/-q3gxXarKR2g/U_Tu0kMvOSI/AAAAAAAAGFQ/yv_FbVFobmw/d/DSC02270.JPG","https://drive.google.com/thumbnail?id=1gisQiSNpuJ-40r53bjml-KZoGNxHHr8u&sz=w1600","1gisQiSNpuJ-40r53bjml-KZoGNxHHr8u"
"7","День 6 - PEI","07 - День 6 - Остров Принца Эдуарда","23","23","102","344","DSC02269.JPG","07 - День 6 - Остров Принца Эдуарда/23_DSC02269.JPG","downloaded","2048","1536","131035","bd588001611fcca18f1677a34639d957a9afbea8efe0b0eff9a6ad32967f08a6","https://lh5.googleusercontent.com/-7KAptKlzXok/U_Tu0bYS9HI/AAAAAAAAGFE/AJuO1TmKvlw/w945-h709-no/DSC02269.JPG","https://lh5.googleusercontent.com/-7KAptKlzXok/U_Tu0bYS9HI/AAAAAAAAGFE/AJuO1TmKvlw/d/DSC02269.JPG","https://drive.google.com/thumbnail?id=1Iip8Awz_I9ros84QBXX-n-UAcTX6cOqq&sz=w1600","1Iip8Awz_I9ros84QBXX-n-UAcTX6cOqq"
"7","День 6 - PEI","07 - День 6 - Остров Принца Эдуарда","24","24","103","348","IMG_4446.JPG","07 - День 6 - Остров Принца Эдуарда/24_IMG_4446.JPG","downloaded","2048","1152","463028","33d986fa72da7de2440a9d4f45fd72d97e571fb7f134ff896d43d8dd0ea948b8","https://lh6.googleusercontent.com/-h9altoq8j7s/U_TwSfDHi9I/AAAAAAAAGHc/tBT2VXveqPg/w1118-h629-no/IMG_4446.JPG","https://lh6.googleusercontent.com/-h9altoq8j7s/U_TwSfDHi9I/AAAAAAAAGHc/tBT2VXveqPg/d/IMG_4446.JPG","https://drive.google.com/thumbnail?id=1OAeSBtMcL0VjJSwrwPDJ8CZQx5tpTAIQ&sz=w1600","1OAeSBtMcL0VjJSwrwPDJ8CZQx5tpTAIQ"
"7","День 6 - PEI","07 - День 6 - Остров Принца Эдуарда","25","25","104","350","IMG_4454.JPG","07 - День 6 - Остров Принца Эдуарда/25_IMG_4454.JPG","downloaded","2048","1152","336557","8418eddff8cd237e11d9463b54ff7cb55c9026ee734e4038eec3e57c4c7623af","https://lh4.googleusercontent.com/-JGVqGFIMJFI/U_TwGOecL7I/AAAAAAAAGHQ/Jol7znIjYGk/w1118-h629-no/IMG_4454.JPG","https://lh4.googleusercontent.com/-JGVqGFIMJFI/U_TwGOecL7I/AAAAAAAAGHQ/Jol7znIjYGk/d/IMG_4454.JPG","https://drive.google.com/thumbnail?id=1b9M0OFphhMBpD0YRdNrwKenPRxSVPkAa&sz=w1600","1b9M0OFphhMBpD0YRdNrwKenPRxSVPkAa"
"7","День 6 - PEI","07 - День 6 - Остров Принца Эдуарда","26","26","105","352","IMG_4456.JPG","07 - День 6 - Остров Принца Эдуарда/26_IMG_4456.JPG","downloaded","2048","1152","359753","de915b4c2f83ffd79e9acee1a69cc27c7c3c742e2a01a46b37fe1b1d6f0aa7c3","https://lh6.googleusercontent.com/-ckt-wD8YHuM/U_TwGNR6wzI/AAAAAAAAGHU/J5TzJMIV8lk/w1118-h629-no/IMG_4456.JPG","https://lh6.googleusercontent.com/-ckt-wD8YHuM/U_TwGNR6wzI/AAAAAAAAGHU/J5TzJMIV8lk/d/IMG_4456.JPG","https://drive.google.com/thumbnail?id=1tdibPfhlv2__2FcY7X3Zp004yj5NNOuo&sz=w1600","1tdibPfhlv2__2FcY7X3Zp004yj5NNOuo"
"7","День 6 - PEI","07 - День 6 - Остров Принца Эдуарда","27","27","106","356","IMG_4468.JPG","07 - День 6 - Остров Принца Эдуарда/27_IMG_4468.JPG","downloaded","1152","2048","306228","6ec572dc460e17a2fe7f285eee2189fd510deb9f34430ff4cbf33067165ee74c","https://lh5.googleusercontent.com/-ufmHNFFZNB4/U_Tu175RrNI/AAAAAAAAGFw/XIE9xXjm5Xc/w399-h709-no/IMG_4468.JPG","https://lh5.googleusercontent.com/-ufmHNFFZNB4/U_Tu175RrNI/AAAAAAAAGFw/XIE9xXjm5Xc/d/IMG_4468.JPG","https://drive.google.com/thumbnail?id=1mccr-2KptBX3GSG7kOfxI8V7AkQJYM6B&sz=w1600","1mccr-2KptBX3GSG7kOfxI8V7AkQJYM6B"
"7","День 6 - PEI","07 - День 6 - Остров Принца Эдуарда","28","28","107","358","IMG_4473.JPG","07 - День 6 - Остров Принца Эдуарда/28_IMG_4473.JPG","downloaded","2048","1152","314145","7e353ca18161dc1c4adb604bfaca0e8bcb8817f723b465688e7483c110c6b6e4","https://lh6.googleusercontent.com/-HanpYSU6Is8/U_Tu2UBPm7I/AAAAAAAAGF4/zz5z_QPtfRc/w1118-h629-no/IMG_4473.JPG","https://lh6.googleusercontent.com/-HanpYSU6Is8/U_Tu2UBPm7I/AAAAAAAAGF4/zz5z_QPtfRc/d/IMG_4473.JPG","https://drive.google.com/thumbnail?id=1m3ZJkG6OpynW7-RH4XJc0oGwWg2TJPjf&sz=w1600","1m3ZJkG6OpynW7-RH4XJc0oGwWg2TJPjf"
"8","День 7 - Nova Scotia, Highland Village Museum","08 - День 7 - Новая Шотландия, музей Хайленд-Виллидж","1","1","108","365","IMG_4488.JPG","08 - День 7 - Новая Шотландия, музей Хайленд-Виллидж/01_IMG_4488.JPG","downloaded","2048","1152","513971","7d6eff231b21d0d052aa9c29abdcf483cfb4dfd3646589f481f1cc8b309f30b2","https://lh4.googleusercontent.com/-8dSIXeiUnOE/U_8_xd_SKUI/AAAAAAAAGJw/26cAjzknbkI/w1118-h629-no/IMG_4488.JPG","https://lh4.googleusercontent.com/-8dSIXeiUnOE/U_8_xd_SKUI/AAAAAAAAGJw/26cAjzknbkI/d/IMG_4488.JPG","https://drive.google.com/thumbnail?id=1YxFdN1xnsCNjw7keVnQCuXLxHhabQmvx&sz=w1600","1YxFdN1xnsCNjw7keVnQCuXLxHhabQmvx"
"8","День 7 - Nova Scotia, Highland Village Museum","08 - День 7 - Новая Шотландия, музей Хайленд-Виллидж","2","2","109","370","DSC02275.JPG","08 - День 7 - Новая Шотландия, музей Хайленд-Виллидж/02_DSC02275.JPG","downloaded","2048","1536","384643","99ec67ed2a9cb5085c26fe6428f5e8d32fc464598530cdaf0fd8f3d620a923c8","https://lh6.googleusercontent.com/-KZtgWunz3u0/U_8_ujj3DVI/AAAAAAAAGJM/hsWUwTcK1ro/w945-h709-no/DSC02275.JPG","https://lh6.googleusercontent.com/-KZtgWunz3u0/U_8_ujj3DVI/AAAAAAAAGJM/hsWUwTcK1ro/d/DSC02275.JPG","https://drive.google.com/thumbnail?id=1Zk7laU0lyBICLoZ8Hn54qoQA1BX2AuQ0&sz=w1600","1Zk7laU0lyBICLoZ8Hn54qoQA1BX2AuQ0"
"8","День 7 - Nova Scotia, Highland Village Museum","08 - День 7 - Новая Шотландия, музей Хайленд-Виллидж","3","3","110","374","DSC02279.JPG","08 - День 7 - Новая Шотландия, музей Хайленд-Виллидж/03_DSC02279.JPG","downloaded","2048","1536","392952","a3e3c706cfd46f2d1497ec4e683af2464319b2015f344e5d6e63d2faf1990110","https://lh5.googleusercontent.com/-B5B4QOoHq40/U_8_ufMjOMI/AAAAAAAAGJE/jLi1e250_m4/w945-h709-no/DSC02279.JPG","https://lh5.googleusercontent.com/-B5B4QOoHq40/U_8_ufMjOMI/AAAAAAAAGJE/jLi1e250_m4/d/DSC02279.JPG","https://drive.google.com/thumbnail?id=10qYiRjhSxYQRn2eI_6uhmbCXBQvld9Rf&sz=w1600","10qYiRjhSxYQRn2eI_6uhmbCXBQvld9Rf"
"8","День 7 - Nova Scotia, Highland Village Museum","08 - День 7 - Новая Шотландия, музей Хайленд-Виллидж","4","4","111","378","DSC02283.JPG","08 - День 7 - Новая Шотландия, музей Хайленд-Виллидж/04_DSC02283.JPG","downloaded","2048","1536","728425","3ba9fbd9138e9b8a685454f4292f1101872c8af4a012b976f3f3463db9e6b37f","https://lh4.googleusercontent.com/-vQRpa2ZBDqM/U_8_ulMNPgI/AAAAAAAAGJI/DukTGYJ5FLM/w945-h709-no/DSC02283.JPG","https://lh4.googleusercontent.com/-vQRpa2ZBDqM/U_8_ulMNPgI/AAAAAAAAGJI/DukTGYJ5FLM/d/DSC02283.JPG","https://drive.google.com/thumbnail?id=1qJ7A6K4Vliipe-mPmC2krYJuvvJGu75D&sz=w1600","1qJ7A6K4Vliipe-mPmC2krYJuvvJGu75D"
"8","День 7 - Nova Scotia, Highland Village Museum","08 - День 7 - Новая Шотландия, музей Хайленд-Виллидж","5","5","112","380","DSC02286.JPG","08 - День 7 - Новая Шотландия, музей Хайленд-Виллидж/05_DSC02286.JPG","downloaded","2048","1536","704221","9c08f51e2efca4bf267941882ea106a90073371d4f2210b7fa2010808d789201","https://lh5.googleusercontent.com/-D_HwyPpi_-g/U_8_v6-ti4I/AAAAAAAAGJc/2FYrrtm5rcA/w945-h709-no/DSC02286.JPG","https://lh5.googleusercontent.com/-D_HwyPpi_-g/U_8_v6-ti4I/AAAAAAAAGJc/2FYrrtm5rcA/d/DSC02286.JPG","https://drive.google.com/thumbnail?id=1TISNc5YnEhpNiAh26r4pMVim2QqhgYc_&sz=w1600","1TISNc5YnEhpNiAh26r4pMVim2QqhgYc_"
"8","День 7 - Nova Scotia, Highland Village Museum","08 - День 7 - Новая Шотландия, музей Хайленд-Виллидж","6","6","113","385","IMG_4481.JPG","08 - День 7 - Новая Шотландия, музей Хайленд-Виллидж/06_IMG_4481.JPG","downloaded","2048","1152","377190","8435691e09073bd842067368313877d600e88322dee6eb26b71a901d30cca346","https://lh3.googleusercontent.com/-vz9rJGXfToE/U_8_w-PTqdI/AAAAAAAAGJs/FUKfdIWsEzg/w1118-h629-no/IMG_4481.JPG","https://lh3.googleusercontent.com/-vz9rJGXfToE/U_8_w-PTqdI/AAAAAAAAGJs/FUKfdIWsEzg/d/IMG_4481.JPG","https://drive.google.com/thumbnail?id=1PtsuzmqczEbLYv4LArleBLJehbXU6yoP&sz=w1600","1PtsuzmqczEbLYv4LArleBLJehbXU6yoP"
"8","День 7 - Nova Scotia, Highland Village Museum","08 - День 7 - Новая Шотландия, музей Хайленд-Виллидж","7","7","114","390","IMG_4493.JPG","08 - День 7 - Новая Шотландия, музей Хайленд-Виллидж/07_IMG_4493.JPG","downloaded","2048","1152","441339","c4c111e2fed15fa09eb092a2b295d767fc27477edc595ed8c318e37bf2391bba","https://lh3.googleusercontent.com/-jajjJK5ee5w/U_8_xgcyUTI/AAAAAAAAGJ4/5Ukd-JQv_WY/w1118-h629-no/IMG_4493.JPG","https://lh3.googleusercontent.com/-jajjJK5ee5w/U_8_xgcyUTI/AAAAAAAAGJ4/5Ukd-JQv_WY/d/IMG_4493.JPG","https://drive.google.com/thumbnail?id=1Q18kyexAWy4ozmHSoze0nBzZO5-fM1h2&sz=w1600","1Q18kyexAWy4ozmHSoze0nBzZO5-fM1h2"
"8","День 7 - Nova Scotia, Highland Village Museum","08 - День 7 - Новая Шотландия, музей Хайленд-Виллидж","8","8","115","392","IMG_4497.JPG","08 - День 7 - Новая Шотландия, музей Хайленд-Виллидж/08_IMG_4497.JPG","downloaded","2048","1152","280371","27b71e3a8bb42e03c1b05c15df2ce9cc06ffffb0a9305df00c6a2041cad4a75a","https://lh5.googleusercontent.com/-J63pVOq0DZs/U_8_x3IPPFI/AAAAAAAAGKE/mjoAJBUhLKs/w1118-h629-no/IMG_4497.JPG","https://lh5.googleusercontent.com/-J63pVOq0DZs/U_8_x3IPPFI/AAAAAAAAGKE/mjoAJBUhLKs/d/IMG_4497.JPG","https://drive.google.com/thumbnail?id=1cm1mzpyChozEu73xsaDx4zZ9SYjfYJPh&sz=w1600","1cm1mzpyChozEu73xsaDx4zZ9SYjfYJPh"
"8","День 7 - Nova Scotia, Highland Village Museum","08 - День 7 - Новая Шотландия, музей Хайленд-Виллидж","9","9","116","394","IMG_4501.JPG","08 - День 7 - Новая Шотландия, музей Хайленд-Виллидж/09_IMG_4501.JPG","downloaded","2048","1152","681109","8d15f02f5590c5d2378dff5b648b669498a969e491508f04891fa1ac8fe04d05","https://lh6.googleusercontent.com/-65OycvDT3pg/U_8_ysdzzlI/AAAAAAAAGKM/I5vIglKYqlg/w1118-h629-no/IMG_4501.JPG","https://lh6.googleusercontent.com/-65OycvDT3pg/U_8_ysdzzlI/AAAAAAAAGKM/I5vIglKYqlg/d/IMG_4501.JPG","https://drive.google.com/thumbnail?id=19ro4FEeBjjehqXBiZ2RQ08ojyrIv_hfN&sz=w1600","19ro4FEeBjjehqXBiZ2RQ08ojyrIv_hfN"
"8","День 7 - Nova Scotia, Highland Village Museum","08 - День 7 - Новая Шотландия, музей Хайленд-Виллидж","10","10","117","396","IMG_4502.JPG","08 - День 7 - Новая Шотландия, музей Хайленд-Виллидж/10_IMG_4502.JPG","downloaded","2048","1152","932653","c4e485439d50b9372208e95f42a3a573e124a880351e66b4ba870f9d1d5c640c","https://lh5.googleusercontent.com/-BpW37cPhTqw/U_8_ye9rk4I/AAAAAAAAGKI/_nlex5HRUxo/w1118-h629-no/IMG_4502.JPG","https://lh5.googleusercontent.com/-BpW37cPhTqw/U_8_ye9rk4I/AAAAAAAAGKI/_nlex5HRUxo/d/IMG_4502.JPG","https://drive.google.com/thumbnail?id=1G1LeM6Bikecry0O9i-eGOG52FAKMNvYf&sz=w1600","1G1LeM6Bikecry0O9i-eGOG52FAKMNvYf"
"8","День 7 - Nova Scotia, Highland Village Museum","08 - День 7 - Новая Шотландия, музей Хайленд-Виллидж","11","11","118","400","IMG_4504.JPG","08 - День 7 - Новая Шотландия, музей Хайленд-Виллидж/11_IMG_4504.JPG","downloaded","2048","1152","310554","4e1f0ac30f425c88f42ae7dfced8ab4c922afb29da9c6c9f3aa6377cd907bf68","https://lh6.googleusercontent.com/-Ag52_1OkU7A/U_8_y2JEFXI/AAAAAAAAGKg/qlOQp7mWhww/w1118-h629-no/IMG_4504.JPG","https://lh6.googleusercontent.com/-Ag52_1OkU7A/U_8_y2JEFXI/AAAAAAAAGKg/qlOQp7mWhww/d/IMG_4504.JPG","https://drive.google.com/thumbnail?id=1jp36CZvztUumcZ-VyY7KyaBTb_ZljxHM&sz=w1600","1jp36CZvztUumcZ-VyY7KyaBTb_ZljxHM"
"8","День 7 - Nova Scotia, Highland Village Museum","08 - День 7 - Новая Шотландия, музей Хайленд-Виллидж","12","12","119","402","IMG_4512.JPG","08 - День 7 - Новая Шотландия, музей Хайленд-Виллидж/12_IMG_4512.JPG","restored","2816","1584","805862","883a245a5970542645ebb13acd1bf1fda04160914272d5f2e9f26101aa2f5bc0","https://lh4.googleusercontent.com/-YehFPz5Er1s/U_8_zMSrCzI/AAAAAAAAGKc/XSBqf92FBsM/w1118-h629-no/IMG_4512.JPG","","https://drive.google.com/thumbnail?id=1ZgB1yJP9DdYz1Oso9U2O8q1lsf_Tm3kI&sz=w1600","1ZgB1yJP9DdYz1Oso9U2O8q1lsf_Tm3kI"
"8","День 7 - Nova Scotia, Highland Village Museum","08 - День 7 - Новая Шотландия, музей Хайленд-Виллидж","13","13","120","404","IMG_4514.JPG","08 - День 7 - Новая Шотландия, музей Хайленд-Виллидж/13_IMG_4514.JPG","downloaded","2048","1152","250378","71568b4efc03908e2b9cab3c9727761b6c6b3298698b1ef0fb3e73c2acfe92e1","https://lh6.googleusercontent.com/-G6p2-ct00ZE/U_9Ad06-1XI/AAAAAAAAGK4/po0Wa1qq-cg/w1118-h629-no/IMG_4514.JPG","https://lh6.googleusercontent.com/-G6p2-ct00ZE/U_9Ad06-1XI/AAAAAAAAGK4/po0Wa1qq-cg/d/IMG_4514.JPG","https://drive.google.com/thumbnail?id=1RGePgXyYzsEBwJnupnuK6whtt7sxaRS0&sz=w1600","1RGePgXyYzsEBwJnupnuK6whtt7sxaRS0"
"8","День 7 - Nova Scotia, Highland Village Museum","08 - День 7 - Новая Шотландия, музей Хайленд-Виллидж","14","14","121","411","IMG_4519.JPG","08 - День 7 - Новая Шотландия, музей Хайленд-Виллидж/14_IMG_4519.JPG","downloaded","2048","1152","597197","0f1bd77b66b0beba1e7d7155f39a193cfe07d7fc2411c99fb2c88d38ce0b9a61","https://lh3.googleusercontent.com/-mQtlV0AcN-s/U_9Ad8HfxLI/AAAAAAAAGK0/tnmfC4r8Szc/w1118-h629-no/IMG_4519.JPG","https://lh3.googleusercontent.com/-mQtlV0AcN-s/U_9Ad8HfxLI/AAAAAAAAGK0/tnmfC4r8Szc/d/IMG_4519.JPG","https://drive.google.com/thumbnail?id=1fruaxdXta35Ui9dk6Hh-Ifja9l8eG56c&sz=w1600","1fruaxdXta35Ui9dk6Hh-Ifja9l8eG56c"
"8","День 7 - Nova Scotia, Highland Village Museum","08 - День 7 - Новая Шотландия, музей Хайленд-Виллидж","15","15","122","413","IMG_4522.JPG","08 - День 7 - Новая Шотландия, музей Хайленд-Виллидж/15_IMG_4522.JPG","downloaded","2048","1152","313737","6000ab21c056413d410d177578feae086bd153b94e3d6766d0a0460fbb6f5bf6","https://lh5.googleusercontent.com/-qvpwtq-EDaU/U_9Ad_N9TLI/AAAAAAAAGLA/yGyh9w6H-Og/w1118-h629-no/IMG_4522.JPG","https://lh5.googleusercontent.com/-qvpwtq-EDaU/U_9Ad_N9TLI/AAAAAAAAGLA/yGyh9w6H-Og/d/IMG_4522.JPG","https://drive.google.com/thumbnail?id=1fuOKQQz-HloX84nYhS8x0Wl7F7tBCwfL&sz=w1600","1fuOKQQz-HloX84nYhS8x0Wl7F7tBCwfL"
"8","День 7 - Nova Scotia, Highland Village Museum","08 - День 7 - Новая Шотландия, музей Хайленд-Виллидж","16","16","123","415","IMG_4531.JPG","08 - День 7 - Новая Шотландия, музей Хайленд-Виллидж/16_IMG_4531.JPG","downloaded","2048","1152","660485","39b5505aa755403a8e3c5a77f2935add771966481eff5db7025ea3f8af994737","https://lh4.googleusercontent.com/-84RS5UKFmaY/U_9Ae85qkJI/AAAAAAAAGLQ/9hx7TRuMEyk/w1118-h629-no/IMG_4531.JPG","https://lh4.googleusercontent.com/-84RS5UKFmaY/U_9Ae85qkJI/AAAAAAAAGLQ/9hx7TRuMEyk/d/IMG_4531.JPG","https://drive.google.com/thumbnail?id=11fi2bnwxCgvrOYQ15UZAcu4uHFcQOV1c&sz=w1600","11fi2bnwxCgvrOYQ15UZAcu4uHFcQOV1c"
"8","День 7 - Nova Scotia, Highland Village Museum","08 - День 7 - Новая Шотландия, музей Хайленд-Виллидж","17","17","124","417","IMG_4530.JPG","08 - День 7 - Новая Шотландия, музей Хайленд-Виллидж/17_IMG_4530.JPG","downloaded","2048","1152","351478","bab78f314cba1b09e6e16290f3a48e80275d68e0cd67c1ac5117ac75f958f93d","https://lh3.googleusercontent.com/-Zv6aWuH-qz4/U_9AelDyMXI/AAAAAAAAGLw/3P1Tx0mzT2o/w1118-h629-no/IMG_4530.JPG","https://lh3.googleusercontent.com/-Zv6aWuH-qz4/U_9AelDyMXI/AAAAAAAAGLw/3P1Tx0mzT2o/d/IMG_4530.JPG","https://drive.google.com/thumbnail?id=1vGqvMdMlX3TUC36vsCBONX6krq4bpTFb&sz=w1600","1vGqvMdMlX3TUC36vsCBONX6krq4bpTFb"
"8","День 7 - Nova Scotia, Highland Village Museum","08 - День 7 - Новая Шотландия, музей Хайленд-Виллидж","18","18","125","421","IMG_4541.JPG","08 - День 7 - Новая Шотландия, музей Хайленд-Виллидж/18_IMG_4541.JPG","downloaded","2048","1152","465973","351ca2decb28942d73d687597032fbe3e5f09fb71107f8e2c2cd43c7661459f2","https://lh6.googleusercontent.com/-Yb8OFETuFQc/U_9Afs6XolI/AAAAAAAAGLo/x2sTV2DNIMg/w1118-h629-no/IMG_4541.JPG","https://lh6.googleusercontent.com/-Yb8OFETuFQc/U_9Afs6XolI/AAAAAAAAGLo/x2sTV2DNIMg/d/IMG_4541.JPG","https://drive.google.com/thumbnail?id=1uwUfNLAplRJUs06v6LQKx3qeQ9nBv5oP&sz=w1600","1uwUfNLAplRJUs06v6LQKx3qeQ9nBv5oP"
"8","День 7 - Nova Scotia, Highland Village Museum","08 - День 7 - Новая Шотландия, музей Хайленд-Виллидж","19","19","126","423","IMG_4546.JPG","08 - День 7 - Новая Шотландия, музей Хайленд-Виллидж/19_IMG_4546.JPG","downloaded","2048","1152","280368","b953c0e184bb5c332e89289c66e121efe0150498192665ba1d9b3f955d2a4f96","https://lh6.googleusercontent.com/-RND3nY6X_1A/U_9AfxtUygI/AAAAAAAAGLk/V0bGDFV0diU/w1118-h629-no/IMG_4546.JPG","https://lh6.googleusercontent.com/-RND3nY6X_1A/U_9AfxtUygI/AAAAAAAAGLk/V0bGDFV0diU/d/IMG_4546.JPG","https://drive.google.com/thumbnail?id=15c97PQR-xHdXxX7gElz74dtxlYckAihb&sz=w1600","15c97PQR-xHdXxX7gElz74dtxlYckAihb"
"8","День 7 - Nova Scotia, Highland Village Museum","08 - День 7 - Новая Шотландия, музей Хайленд-Виллидж","20","20","127","425","IMG_4548.JPG","08 - День 7 - Новая Шотландия, музей Хайленд-Виллидж/20_IMG_4548.JPG","downloaded","2048","1152","141760","6e308974b2675e95ea891e0a13618ee866bc7f408e83402e7eed26bbe1b213eb","https://lh4.googleusercontent.com/-8K957krwMoM/U_9AgEG50sI/AAAAAAAAGLg/ogbVUEoqT0w/w1118-h629-no/IMG_4548.JPG","https://lh4.googleusercontent.com/-8K957krwMoM/U_9AgEG50sI/AAAAAAAAGLg/ogbVUEoqT0w/d/IMG_4548.JPG","https://drive.google.com/thumbnail?id=1wDxx9wGK2I0obSMqLGQ0qrK8IhS8Wmzj&sz=w1600","1wDxx9wGK2I0obSMqLGQ0qrK8IhS8Wmzj"
"8","День 7 - Nova Scotia, Highland Village Museum","08 - День 7 - Новая Шотландия, музей Хайленд-Виллидж","21","21","128","429","DSC02299.JPG","08 - День 7 - Новая Шотландия, музей Хайленд-Виллидж/21_DSC02299.JPG","downloaded","2048","1536","878960","c2d15a37735e0ed9455b347137f2bba06ac8b90fe949d7dc7ba23085543e9da6","https://lh4.googleusercontent.com/-o4LKoNYur8U/U_8_wbhCzHI/AAAAAAAAGKY/IqHeU9IQ8r8/w945-h709-no/DSC02299.JPG","https://lh4.googleusercontent.com/-o4LKoNYur8U/U_8_wbhCzHI/AAAAAAAAGKY/IqHeU9IQ8r8/d/DSC02299.JPG","https://drive.google.com/thumbnail?id=1v38GMgIoTUzeWJpF8k4GbvKDM3F3EiZE&sz=w1600","1v38GMgIoTUzeWJpF8k4GbvKDM3F3EiZE"
"8","День 7 - Nova Scotia, Highland Village Museum","08 - День 7 - Новая Шотландия, музей Хайленд-Виллидж","22","22","129","431","DSC02295.JPG","08 - День 7 - Новая Шотландия, музей Хайленд-Виллидж/22_DSC02295.JPG","downloaded","1536","2048","1130149","b9890056aa052e371dc29320214fb342ac1cac5b887b52b91bec22248a193c2a","https://lh5.googleusercontent.com/-qYpj1iz4id8/U_8_wZXl_sI/AAAAAAAAGKk/AgPFGPL9GX4/w532-h709-no/DSC02295.JPG","https://lh5.googleusercontent.com/-qYpj1iz4id8/U_8_wZXl_sI/AAAAAAAAGKk/AgPFGPL9GX4/d/DSC02295.JPG","https://drive.google.com/thumbnail?id=1VkaVwXLyWkLXEpUKP7ofHmlFo9Gpaqk_&sz=w1600","1VkaVwXLyWkLXEpUKP7ofHmlFo9Gpaqk_"
"8","День 7 - Nova Scotia, Highland Village Museum","08 - День 7 - Новая Шотландия, музей Хайленд-Виллидж","23","23","130","435","IMG_4551.JPG","08 - День 7 - Новая Шотландия, музей Хайленд-Виллидж/23_IMG_4551.JPG","downloaded","2048","1152","345641","2d7d3076d1ab2695fdd3b9652038b817f14ccf12b0fabe013396695132721949","https://lh5.googleusercontent.com/-ByYERXem1H0/U_9AgjNuzII/AAAAAAAAGLs/-VkUhU7Ad9Y/w1118-h629-no/IMG_4551.JPG","https://lh5.googleusercontent.com/-ByYERXem1H0/U_9AgjNuzII/AAAAAAAAGLs/-VkUhU7Ad9Y/d/IMG_4551.JPG","https://drive.google.com/thumbnail?id=1ATvWX5WUaQUJbCe3gmcCRorZ_xA_3qO7&sz=w1600","1ATvWX5WUaQUJbCe3gmcCRorZ_xA_3qO7"
"9","День 8 - Cape Breton, Skyline trail, Cabot trail","09 - День 8 - Кейп-Бретон, Скайлайн-трейл, Кабот-трейл","1","1","131","437","capebreton.jpg","09 - День 8 - Кейп-Бретон, Скайлайн-трейл, Кабот-трейл/01_capebreton.jpg","downloaded","1699","2048","653798","af5081934e4bf43926b74fef92958d88619f43947e81890de544802bc234fc1a","https://lh3.googleusercontent.com/-XG6O9K1YgX0/U_93NNqVf8I/AAAAAAAAGQ8/pTMFxXlvITc/w588-h709-no/capebreton.jpg","https://lh3.googleusercontent.com/-XG6O9K1YgX0/U_93NNqVf8I/AAAAAAAAGQ8/pTMFxXlvITc/d/capebreton.jpg","https://drive.google.com/thumbnail?id=1NMK7VgZjTvX3-MxzXljTn_Lwb_1ahs6U&sz=w1600","1NMK7VgZjTvX3-MxzXljTn_Lwb_1ahs6U"
"9","День 8 - Cape Breton, Skyline trail, Cabot trail","09 - День 8 - Кейп-Бретон, Скайлайн-трейл, Кабот-трейл","2","2","132","446","IMG_4555.JPG","09 - День 8 - Кейп-Бретон, Скайлайн-трейл, Кабот-трейл/02_IMG_4555.JPG","downloaded","2048","1152","383160","cf80864dfe8dc7c6643060cb3853ac1b72268d0337b64b52e07a05d71b8295b3","https://lh4.googleusercontent.com/-gWnFIF8NufU/U_9RpXsgRII/AAAAAAAAGMo/kdMeEyZmcA8/w1118-h629-no/IMG_4555.JPG","https://lh4.googleusercontent.com/-gWnFIF8NufU/U_9RpXsgRII/AAAAAAAAGMo/kdMeEyZmcA8/d/IMG_4555.JPG","https://drive.google.com/thumbnail?id=1u20LL_OdfEkRy8x4Tkb7DNNVxP9lTm3W&sz=w1600","1u20LL_OdfEkRy8x4Tkb7DNNVxP9lTm3W"
"9","День 8 - Cape Breton, Skyline trail, Cabot trail","09 - День 8 - Кейп-Бретон, Скайлайн-трейл, Кабот-трейл","3","3","133","448","IMG_4554.JPG","09 - День 8 - Кейп-Бретон, Скайлайн-трейл, Кабот-трейл/03_IMG_4554.JPG","downloaded","2048","1152","510934","f6da33d316383d5b7b4a2f01b66ecda314dcd7e169a1614de1d6dccb7338afec","https://lh3.googleusercontent.com/-y6-db-P21Ac/U_9RpJOEGJI/AAAAAAAAGM4/SUfeIUfPCSo/w1118-h629-no/IMG_4554.JPG","https://lh3.googleusercontent.com/-y6-db-P21Ac/U_9RpJOEGJI/AAAAAAAAGM4/SUfeIUfPCSo/d/IMG_4554.JPG","https://drive.google.com/thumbnail?id=1l7M6RJVdymiYFboIFYnqinAndV1sLs5S&sz=w1600","1l7M6RJVdymiYFboIFYnqinAndV1sLs5S"
"9","День 8 - Cape Breton, Skyline trail, Cabot trail","09 - День 8 - Кейп-Бретон, Скайлайн-трейл, Кабот-трейл","4","4","134","450","IMG_4557.JPG","09 - День 8 - Кейп-Бретон, Скайлайн-трейл, Кабот-трейл/04_IMG_4557.JPG","downloaded","2048","1152","403597","ebca8d213efa4f297a80372247735a0430565e8e9f71bea55a14a720664728c5","https://lh3.googleusercontent.com/-hQ5ISAE7PJ8/U_9RpatRyNI/AAAAAAAAGMs/mItxI3W-vTg/w1118-h629-no/IMG_4557.JPG","https://lh3.googleusercontent.com/-hQ5ISAE7PJ8/U_9RpatRyNI/AAAAAAAAGMs/mItxI3W-vTg/d/IMG_4557.JPG","https://drive.google.com/thumbnail?id=17e6TCLwEnoD71oeZtqs6XOj9mLfHOcfF&sz=w1600","17e6TCLwEnoD71oeZtqs6XOj9mLfHOcfF"
"9","День 8 - Cape Breton, Skyline trail, Cabot trail","09 - День 8 - Кейп-Бретон, Скайлайн-трейл, Кабот-трейл","5","5","135","455","IMG_4559.JPG","09 - День 8 - Кейп-Бретон, Скайлайн-трейл, Кабот-трейл/05_IMG_4559.JPG","downloaded","2048","1152","825204","ec8d3f27200d2273900b7fdf4ad0ece4a7e93c76711c1258b29e28780ecd3529","https://lh6.googleusercontent.com/uH8hhDfAOkw1Y8fdnHtg5ye9mdQcg3gY5887cegOmLA=w1118-h629-no","https://lh6.googleusercontent.com/uH8hhDfAOkw1Y8fdnHtg5ye9mdQcg3gY5887cegOmLA=d","https://drive.google.com/thumbnail?id=1WeJLoayfu_FkirIy7W2m_QkPJ8gX1K2H&sz=w1600","1WeJLoayfu_FkirIy7W2m_QkPJ8gX1K2H"
"9","День 8 - Cape Breton, Skyline trail, Cabot trail","09 - День 8 - Кейп-Бретон, Скайлайн-трейл, Кабот-трейл","6","6","136","459","IMG_4561.JPG","09 - День 8 - Кейп-Бретон, Скайлайн-трейл, Кабот-трейл/06_IMG_4561.JPG","downloaded","2048","1152","483531","d3bd752223b7c67ffba93ce89d0012ad12f729eab626f021654997a5efa80f9b","https://lh6.googleusercontent.com/-iA7k0QForeA/U_9RrKvlp2I/AAAAAAAAGNY/554_f13auRk/w1118-h629-no/IMG_4561.JPG","https://lh6.googleusercontent.com/-iA7k0QForeA/U_9RrKvlp2I/AAAAAAAAGNY/554_f13auRk/d/IMG_4561.JPG","https://drive.google.com/thumbnail?id=1JDGsR7PNw5vJjcrHNU3GdrQUNmGxkk3V&sz=w1600","1JDGsR7PNw5vJjcrHNU3GdrQUNmGxkk3V"
"9","День 8 - Cape Breton, Skyline trail, Cabot trail","09 - День 8 - Кейп-Бретон, Скайлайн-трейл, Кабот-трейл","7","7","137","461","IMG_4564.JPG","09 - День 8 - Кейп-Бретон, Скайлайн-трейл, Кабот-трейл/07_IMG_4564.JPG","downloaded","2048","1152","841320","fb917cb3e807c4b65faa47458ceb36dd5e3e4db70eb7fead51a5c4bd9b96f2ba","https://lh5.googleusercontent.com/-LT6yNkQkLA8/U_9RrFgwUnI/AAAAAAAAGNQ/N_krU-gdXqg/w1118-h629-no/IMG_4564.JPG","https://lh5.googleusercontent.com/-LT6yNkQkLA8/U_9RrFgwUnI/AAAAAAAAGNQ/N_krU-gdXqg/d/IMG_4564.JPG","https://drive.google.com/thumbnail?id=1ERm6x032jzU4m5-OWsEKaqaiHeNJoUyG&sz=w1600","1ERm6x032jzU4m5-OWsEKaqaiHeNJoUyG"
"9","День 8 - Cape Breton, Skyline trail, Cabot trail","09 - День 8 - Кейп-Бретон, Скайлайн-трейл, Кабот-трейл","8","8","138","465","IMG_4563.JPG","09 - День 8 - Кейп-Бретон, Скайлайн-трейл, Кабот-трейл/08_IMG_4563.JPG","downloaded","2048","1152","525278","d52ab3c6a91bb415f3d73349dd2e1fdd2ffe51facddc061898268f3ba8458fb4","https://lh4.googleusercontent.com/-kewAF-BWDos/U_9RqSbGfMI/AAAAAAAAGNA/uC76MIjgPxE/w1118-h629-no/IMG_4563.JPG","https://lh4.googleusercontent.com/-kewAF-BWDos/U_9RqSbGfMI/AAAAAAAAGNA/uC76MIjgPxE/d/IMG_4563.JPG","https://drive.google.com/thumbnail?id=1k-tZI3O2QvYSzw0rsxcAZ5zjn8oluTzb&sz=w1600","1k-tZI3O2QvYSzw0rsxcAZ5zjn8oluTzb"
"9","День 8 - Cape Breton, Skyline trail, Cabot trail","09 - День 8 - Кейп-Бретон, Скайлайн-трейл, Кабот-трейл","9","9","139","469","IMG_4565.JPG","09 - День 8 - Кейп-Бретон, Скайлайн-трейл, Кабот-трейл/09_IMG_4565.JPG","downloaded","2048","1152","491669","e1b7e402647c403062d70790c466d3ff9b31fd42bec21e872846ac9cb0ff6252","https://lh6.googleusercontent.com/-4bktQfu8v2k/U_9RrcIQxlI/AAAAAAAAGNU/hp9MBCaUps0/w1118-h629-no/IMG_4565.JPG","https://lh6.googleusercontent.com/-4bktQfu8v2k/U_9RrcIQxlI/AAAAAAAAGNU/hp9MBCaUps0/d/IMG_4565.JPG","https://drive.google.com/thumbnail?id=1G4kEesRC0jBHfJ23C_eUaMvET3iLakxh&sz=w1600","1G4kEesRC0jBHfJ23C_eUaMvET3iLakxh"
"9","День 8 - Cape Breton, Skyline trail, Cabot trail","09 - День 8 - Кейп-Бретон, Скайлайн-трейл, Кабот-трейл","10","10","140","471","IMG_4571.JPG","09 - День 8 - Кейп-Бретон, Скайлайн-трейл, Кабот-трейл/10_IMG_4571.JPG","downloaded","2048","1152","555870","865cb4bf9df73e9a1600f0ab9a9e23ab83d9f53f039e9b6f21c839b692c2973c","https://lh3.googleusercontent.com/-6KbDKTVWuzc/U_9RsfYV05I/AAAAAAAAGN0/GraCiy2Jcgs/w1118-h629-no/IMG_4571.JPG","https://lh3.googleusercontent.com/-6KbDKTVWuzc/U_9RsfYV05I/AAAAAAAAGN0/GraCiy2Jcgs/d/IMG_4571.JPG","https://drive.google.com/thumbnail?id=1-dVYHtteHgwOqLftjPIZ1pESUetDGL_5&sz=w1600","1-dVYHtteHgwOqLftjPIZ1pESUetDGL_5"
"9","День 8 - Cape Breton, Skyline trail, Cabot trail","09 - День 8 - Кейп-Бретон, Скайлайн-трейл, Кабот-трейл","11","11","141","473","IMG_4570.JPG","09 - День 8 - Кейп-Бретон, Скайлайн-трейл, Кабот-трейл/11_IMG_4570.JPG","downloaded","2048","1152","488877","72453ec71193e9e083979d09189361929a6b92351b60f000d3292c5a701d1626","https://lh5.googleusercontent.com/-QRJb8kcx2Dg/U_9RrzhzP7I/AAAAAAAAGNk/FzvxaOGO1VU/w1118-h629-no/IMG_4570.JPG","https://lh5.googleusercontent.com/-QRJb8kcx2Dg/U_9RrzhzP7I/AAAAAAAAGNk/FzvxaOGO1VU/d/IMG_4570.JPG","https://drive.google.com/thumbnail?id=1eNwuyPS4feQp7Txlk8LfKNGSde8CAMb8&sz=w1600","1eNwuyPS4feQp7Txlk8LfKNGSde8CAMb8"
"9","День 8 - Cape Breton, Skyline trail, Cabot trail","09 - День 8 - Кейп-Бретон, Скайлайн-трейл, Кабот-трейл","12","12","142","475","IMG_4573.JPG","09 - День 8 - Кейп-Бретон, Скайлайн-трейл, Кабот-трейл/12_IMG_4573.JPG","restored","2816","1584","1001477","3bebbeeb4d6adf0dfe05552848fcf1e36aff2d6b2a4e2a1e7dce078c81a76116","https://lh4.googleusercontent.com/-_oPa8roFXdg/U_9RseA00MI/AAAAAAAAGQY/rNk4N_VOL4s/w1118-h629-no/IMG_4573.JPG","","https://drive.google.com/thumbnail?id=1xAQyoAd6LtenFOObK1LwlMDnsrZ1VEyJ&sz=w1600","1xAQyoAd6LtenFOObK1LwlMDnsrZ1VEyJ"
"9","День 8 - Cape Breton, Skyline trail, Cabot trail","09 - День 8 - Кейп-Бретон, Скайлайн-трейл, Кабот-трейл","13","13","143","477","IMG_4579.JPG","09 - День 8 - Кейп-Бретон, Скайлайн-трейл, Кабот-трейл/13_IMG_4579.JPG","downloaded","2048","1152","297506","9c2d3ab40125a1ceef5317ebc3d14db34746d3307f699a40c87e02e358c3ecbc","https://lh4.googleusercontent.com/-_GZLpYb0Xa4/U_9RsiZfCaI/AAAAAAAAGQY/TZu6tYeue2Q/w1118-h629-no/IMG_4579.JPG","https://lh4.googleusercontent.com/-_GZLpYb0Xa4/U_9RsiZfCaI/AAAAAAAAGQY/TZu6tYeue2Q/d/IMG_4579.JPG","https://drive.google.com/thumbnail?id=1jFuVzwUkCRMQRBcZkbSQb8CoFS2DmFlD&sz=w1600","1jFuVzwUkCRMQRBcZkbSQb8CoFS2DmFlD"
"9","День 8 - Cape Breton, Skyline trail, Cabot trail","09 - День 8 - Кейп-Бретон, Скайлайн-трейл, Кабот-трейл","14","14","144","479","IMG_4586.JPG","09 - День 8 - Кейп-Бретон, Скайлайн-трейл, Кабот-трейл/14_IMG_4586.JPG","downloaded","1152","2048","351721","5c279eee53e3ad54951ab72495b3684f8efd899cae0a326da0c8d0434901495b","https://lh3.googleusercontent.com/-rouwmOpDm2M/U_9RtIf729I/AAAAAAAAGQI/_jrMCCRHAis/w399-h709-no/IMG_4586.JPG","https://lh3.googleusercontent.com/-rouwmOpDm2M/U_9RtIf729I/AAAAAAAAGQI/_jrMCCRHAis/d/IMG_4586.JPG","https://drive.google.com/thumbnail?id=1Aqo7axmXLOa45NOPg8XLJ1dMg9XNw1kx&sz=w1600","1Aqo7axmXLOa45NOPg8XLJ1dMg9XNw1kx"
"9","День 8 - Cape Breton, Skyline trail, Cabot trail","09 - День 8 - Кейп-Бретон, Скайлайн-трейл, Кабот-трейл","15","15","145","483","IMG_4596.JPG","09 - День 8 - Кейп-Бретон, Скайлайн-трейл, Кабот-трейл/15_IMG_4596.JPG","downloaded","2048","1152","449918","4335fb7ccdd17a27d1fcd527c883fc24a4cfd5b11413e1b7b10005b7f5800f9f","https://lh6.googleusercontent.com/-hMhkbUefUU0/U_9RvXx8I7I/AAAAAAAAGOc/bfGpNAaVXzQ/w1118-h629-no/IMG_4596.JPG","https://lh6.googleusercontent.com/-hMhkbUefUU0/U_9RvXx8I7I/AAAAAAAAGOc/bfGpNAaVXzQ/d/IMG_4596.JPG","https://drive.google.com/thumbnail?id=1U1Ns12I5SLjOzmnWBYH8062UpehqMJRY&sz=w1600","1U1Ns12I5SLjOzmnWBYH8062UpehqMJRY"
"9","День 8 - Cape Breton, Skyline trail, Cabot trail","09 - День 8 - Кейп-Бретон, Скайлайн-трейл, Кабот-трейл","16","16","146","485","IMG_4587.JPG","09 - День 8 - Кейп-Бретон, Скайлайн-трейл, Кабот-трейл/16_IMG_4587.JPG","downloaded","2048","1152","643881","053873c5c70129b0fc825e875fb1a1b0b7428eb1229480cde969232150f17a3d","https://lh5.googleusercontent.com/-63yaLhAc1wg/U_9Rtfrtz9I/AAAAAAAAGQA/_Sg2yHSyBwo/w1118-h629-no/IMG_4587.JPG","https://lh5.googleusercontent.com/-63yaLhAc1wg/U_9Rtfrtz9I/AAAAAAAAGQA/_Sg2yHSyBwo/d/IMG_4587.JPG","https://drive.google.com/thumbnail?id=199HBkrAH7TqrHWCs2WF-dgxN9hS5dw0z&sz=w1600","199HBkrAH7TqrHWCs2WF-dgxN9hS5dw0z"
"9","День 8 - Cape Breton, Skyline trail, Cabot trail","09 - День 8 - Кейп-Бретон, Скайлайн-трейл, Кабот-трейл","17","17","147","487","IMG_4588.JPG","09 - День 8 - Кейп-Бретон, Скайлайн-трейл, Кабот-трейл/17_IMG_4588.JPG","downloaded","2048","1152","448485","30a9612ff7850a7917ffe858e10a2a65499496d10d0789dd38fd79dab9ee8c82","https://lh5.googleusercontent.com/-yH36Mt4odec/U_9RthZ-k-I/AAAAAAAAGQE/m9KM6cTZy1M/w1118-h629-no/IMG_4588.JPG","https://lh5.googleusercontent.com/-yH36Mt4odec/U_9RthZ-k-I/AAAAAAAAGQE/m9KM6cTZy1M/d/IMG_4588.JPG","https://drive.google.com/thumbnail?id=1MHFg3mcdWEpNp1ksqnLUjV-O508TmIz_&sz=w1600","1MHFg3mcdWEpNp1ksqnLUjV-O508TmIz_"
"9","День 8 - Cape Breton, Skyline trail, Cabot trail","09 - День 8 - Кейп-Бретон, Скайлайн-трейл, Кабот-трейл","18","18","148","489","IMG_4590.JPG","09 - День 8 - Кейп-Бретон, Скайлайн-трейл, Кабот-трейл/18_IMG_4590.JPG","downloaded","2048","1152","589211","0974b23c57d13d204ab163160f52ed61752a7df066209159b0be163aff5c1fca","https://lh6.googleusercontent.com/-Q76uW-j_hnU/U_9RucOYtaI/AAAAAAAAGP8/xvY1paFWe7c/w1118-h629-no/IMG_4590.JPG","https://lh6.googleusercontent.com/-Q76uW-j_hnU/U_9RucOYtaI/AAAAAAAAGP8/xvY1paFWe7c/d/IMG_4590.JPG","https://drive.google.com/thumbnail?id=1SBj6TW1JrA2PgUVCb6guw4MSBoMm_mlE&sz=w1600","1SBj6TW1JrA2PgUVCb6guw4MSBoMm_mlE"
"9","День 8 - Cape Breton, Skyline trail, Cabot trail","09 - День 8 - Кейп-Бретон, Скайлайн-трейл, Кабот-трейл","19","19","149","491","IMG_4594.JPG","09 - День 8 - Кейп-Бретон, Скайлайн-трейл, Кабот-трейл/19_IMG_4594.JPG","downloaded","2048","1152","567364","f07873590df2443989687a409b6b3e736ec9dee18de816cc74bf6bef36c15aff","https://lh4.googleusercontent.com/-SnZHHNLnC8w/U_9Ru9-UtFI/AAAAAAAAGP4/5HecwcF35DY/w1118-h629-no/IMG_4594.JPG","https://lh4.googleusercontent.com/-SnZHHNLnC8w/U_9Ru9-UtFI/AAAAAAAAGP4/5HecwcF35DY/d/IMG_4594.JPG","https://drive.google.com/thumbnail?id=17l8XNYCXRWARTYpAyzmoAQuDH4Tny1yE&sz=w1600","17l8XNYCXRWARTYpAyzmoAQuDH4Tny1yE"
"9","День 8 - Cape Breton, Skyline trail, Cabot trail","09 - День 8 - Кейп-Бретон, Скайлайн-трейл, Кабот-трейл","20","20","150","493","IMG_4595.JPG","09 - День 8 - Кейп-Бретон, Скайлайн-трейл, Кабот-трейл/20_IMG_4595.JPG","downloaded","2048","1152","614810","275f3ec6d69a016e1d88e55e7df1f8595e90446ae76ab5e312f28be9314359ee","https://lh5.googleusercontent.com/-zv6gFyuq1Zw/U_9RvDgccpI/AAAAAAAAGPo/2Jke0kzogmY/w1118-h629-no/IMG_4595.JPG","https://lh5.googleusercontent.com/-zv6gFyuq1Zw/U_9RvDgccpI/AAAAAAAAGPo/2Jke0kzogmY/d/IMG_4595.JPG","https://drive.google.com/thumbnail?id=1_dHS77Q_jNRmJAsC7z_i4YBjhfz9mJc5&sz=w1600","1_dHS77Q_jNRmJAsC7z_i4YBjhfz9mJc5"
"9","День 8 - Cape Breton, Skyline trail, Cabot trail","09 - День 8 - Кейп-Бретон, Скайлайн-трейл, Кабот-трейл","21","21","151","497","IMG_4591.JPG","09 - День 8 - Кейп-Бретон, Скайлайн-трейл, Кабот-трейл/21_IMG_4591.JPG","downloaded","2048","1152","340943","53d9b3ed962b3085176dc6de689b1410648152ac8c01ae05cf5052c6a2a2c737","https://lh3.googleusercontent.com/-3nfduX5CyBk/U_9RuvfgKuI/AAAAAAAAGOQ/7-ZEMnM30bI/w1118-h629-no/IMG_4591.JPG","https://lh3.googleusercontent.com/-3nfduX5CyBk/U_9RuvfgKuI/AAAAAAAAGOQ/7-ZEMnM30bI/d/IMG_4591.JPG","https://drive.google.com/thumbnail?id=1aIE_HkmugNPIJEHWgwhbWeFSDDMi5TSE&sz=w1600","1aIE_HkmugNPIJEHWgwhbWeFSDDMi5TSE"
"9","День 8 - Cape Breton, Skyline trail, Cabot trail","09 - День 8 - Кейп-Бретон, Скайлайн-трейл, Кабот-трейл","22","22","152","501","IMG_4602.JPG","09 - День 8 - Кейп-Бретон, Скайлайн-трейл, Кабот-трейл/22_IMG_4602.JPG","downloaded","2048","1152","335379","05207e6805fda8b9f1d7190f9aaaf2c846df511b146e71082ff4c0c9d8d2a626","https://lh3.googleusercontent.com/-R18BeU_FbeM/U_9Rv5gRHYI/AAAAAAAAGOk/X5S7McmT-zc/w1118-h629-no/IMG_4602.JPG","https://lh3.googleusercontent.com/-R18BeU_FbeM/U_9Rv5gRHYI/AAAAAAAAGOk/X5S7McmT-zc/d/IMG_4602.JPG","https://drive.google.com/thumbnail?id=1yZGSsaMXg1tVEJBkq1A0KDFtIB3A0OVc&sz=w1600","1yZGSsaMXg1tVEJBkq1A0KDFtIB3A0OVc"
"9","День 8 - Cape Breton, Skyline trail, Cabot trail","09 - День 8 - Кейп-Бретон, Скайлайн-трейл, Кабот-трейл","23","23","153","505","IMG_4606.JPG","09 - День 8 - Кейп-Бретон, Скайлайн-трейл, Кабот-трейл/23_IMG_4606.JPG","downloaded","2048","1152","449594","d22a8a18ddaa6580af13811b9126be08f8b0cf6b59b699ff577496d10b6badb5","https://lh6.googleusercontent.com/-F4pFUCQf5Zc/U_9RwYXQVHI/AAAAAAAAGPg/FA4ncqtAqjo/w1118-h629-no/IMG_4606.JPG","https://lh6.googleusercontent.com/-F4pFUCQf5Zc/U_9RwYXQVHI/AAAAAAAAGPg/FA4ncqtAqjo/d/IMG_4606.JPG","https://drive.google.com/thumbnail?id=17I0XWEEICQxj9F5-dOQS86f8D8vTcTEm&sz=w1600","17I0XWEEICQxj9F5-dOQS86f8D8vTcTEm"
"9","День 8 - Cape Breton, Skyline trail, Cabot trail","09 - День 8 - Кейп-Бретон, Скайлайн-трейл, Кабот-трейл","24","24","154","509","IMG_4601.JPG","09 - День 8 - Кейп-Бретон, Скайлайн-трейл, Кабот-трейл/24_IMG_4601.JPG","downloaded","2048","1152","274335","6a12ed93cb7096a7e85ffdb6f0185c74872843465b95bd3868705928baa8b2db","https://lh3.googleusercontent.com/-FV_4o8jjJgw/U_9RvlFcmRI/AAAAAAAAGOs/FWwZEVoRY5o/w1118-h629-no/IMG_4601.JPG","https://lh3.googleusercontent.com/-FV_4o8jjJgw/U_9RvlFcmRI/AAAAAAAAGOs/FWwZEVoRY5o/d/IMG_4601.JPG","https://drive.google.com/thumbnail?id=1EvJSkbGsyp13RrAiPXZX3Pj-DOolIiuN&sz=w1600","1EvJSkbGsyp13RrAiPXZX3Pj-DOolIiuN"
"9","День 8 - Cape Breton, Skyline trail, Cabot trail","09 - День 8 - Кейп-Бретон, Скайлайн-трейл, Кабот-трейл","25","25","155","513","IMG_4605.JPG","09 - День 8 - Кейп-Бретон, Скайлайн-трейл, Кабот-трейл/25_IMG_4605.JPG","downloaded","2048","1152","421257","dfa7b633a320fe9ea90d91623c3ebf14b26156e6e50aa060aeb3949fd8d17f7b","https://lh5.googleusercontent.com/-18I2t_R5AZw/U_9RwN08xeI/AAAAAAAAGO0/7CCdHIcuieY/w1118-h629-no/IMG_4605.JPG","https://lh5.googleusercontent.com/-18I2t_R5AZw/U_9RwN08xeI/AAAAAAAAGO0/7CCdHIcuieY/d/IMG_4605.JPG","https://drive.google.com/thumbnail?id=1fYpPAwqhH2Q8X1jCTV9Ay9oJcx5mNohx&sz=w1600","1fYpPAwqhH2Q8X1jCTV9Ay9oJcx5mNohx"
"9","День 8 - Cape Breton, Skyline trail, Cabot trail","09 - День 8 - Кейп-Бретон, Скайлайн-трейл, Кабот-трейл","26","26","156","515","IMG_4609.JPG","09 - День 8 - Кейп-Бретон, Скайлайн-трейл, Кабот-трейл/26_IMG_4609.JPG","downloaded","2048","1152","428680","ed412c7502518fa21081d4401cab5a83f499773099e6cc7bf659999b37f76cde","https://lh6.googleusercontent.com/-RbBT0C9ZFck/U_9RwjXd3QI/AAAAAAAAGO8/GbG5DiUcvZ0/w1118-h629-no/IMG_4609.JPG","https://lh6.googleusercontent.com/-RbBT0C9ZFck/U_9RwjXd3QI/AAAAAAAAGO8/GbG5DiUcvZ0/d/IMG_4609.JPG","https://drive.google.com/thumbnail?id=1cxupKkMwTTSiFjN1D5Te__CQbw2sHzv5&sz=w1600","1cxupKkMwTTSiFjN1D5Te__CQbw2sHzv5"
"9","День 8 - Cape Breton, Skyline trail, Cabot trail","09 - День 8 - Кейп-Бретон, Скайлайн-трейл, Кабот-трейл","27","27","157","519","IMG_4612.JPG","09 - День 8 - Кейп-Бретон, Скайлайн-трейл, Кабот-трейл/27_IMG_4612.JPG","downloaded","2048","1152","533974","6d2a46cfa314026ed321acc71525e2ef799ecdb06f17de41916d4e461cfd958e","https://lh5.googleusercontent.com/-KMN9SJk-xXg/U_9RxFdM2iI/AAAAAAAAGPM/R-kDiEbU95I/w1118-h629-no/IMG_4612.JPG","https://lh5.googleusercontent.com/-KMN9SJk-xXg/U_9RxFdM2iI/AAAAAAAAGPM/R-kDiEbU95I/d/IMG_4612.JPG","https://drive.google.com/thumbnail?id=15zLo0UCjqRex86GOlwmZCQhEpLXqvB_f&sz=w1600","15zLo0UCjqRex86GOlwmZCQhEpLXqvB_f"
"9","День 8 - Cape Breton, Skyline trail, Cabot trail","09 - День 8 - Кейп-Бретон, Скайлайн-трейл, Кабот-трейл","28","28","158","521","IMG_4614.JPG","09 - День 8 - Кейп-Бретон, Скайлайн-трейл, Кабот-трейл/28_IMG_4614.JPG","downloaded","2048","1152","554054","3112a402270fb59d3b3e11ca0685b98036dfa8f6dcc28896cc67281f08db42c1","https://lh6.googleusercontent.com/-olCffFaCgHc/U_9RxbCqaeI/AAAAAAAAGPE/FL3tpMCj7zc/w1118-h629-no/IMG_4614.JPG","https://lh6.googleusercontent.com/-olCffFaCgHc/U_9RxbCqaeI/AAAAAAAAGPE/FL3tpMCj7zc/d/IMG_4614.JPG","https://drive.google.com/thumbnail?id=1eM_kDnKKKkz7ZamvMYkoQlyEjCp85y1P&sz=w1600","1eM_kDnKKKkz7ZamvMYkoQlyEjCp85y1P"
"9","День 8 - Cape Breton, Skyline trail, Cabot trail","09 - День 8 - Кейп-Бретон, Скайлайн-трейл, Кабот-трейл","29","29","159","523","IMG_4619.JPG","09 - День 8 - Кейп-Бретон, Скайлайн-трейл, Кабот-трейл/29_IMG_4619.JPG","downloaded","2048","1152","700325","fb2b42a5b83aa6d9cc9d4fc5e0aa376fcbba377ed8d61d9b7f97e6626a4b83a8","https://lh5.googleusercontent.com/-eKOdGITRUrA/U_9RxwKvO_I/AAAAAAAAGPU/P6y3vEdjet8/w1118-h629-no/IMG_4619.JPG","https://lh5.googleusercontent.com/-eKOdGITRUrA/U_9RxwKvO_I/AAAAAAAAGPU/P6y3vEdjet8/d/IMG_4619.JPG","https://drive.google.com/thumbnail?id=1t3ke4wtrmQEyB8su4HEU_uBJyshYjGnN&sz=w1600","1t3ke4wtrmQEyB8su4HEU_uBJyshYjGnN"
"9","День 8 - Cape Breton, Skyline trail, Cabot trail","09 - День 8 - Кейп-Бретон, Скайлайн-трейл, Кабот-трейл","30","30","160","525","IMG_4622.JPG","09 - День 8 - Кейп-Бретон, Скайлайн-трейл, Кабот-трейл/30_IMG_4622.JPG","downloaded","2048","1152","614248","8d918b82eb8558533fd177accb28510fe6875b486bf550503e14597af4337a79","https://lh6.googleusercontent.com/-sSldWGrz7jY/U_9RyFstJvI/AAAAAAAAGPY/NKtK3kUWgfQ/w1118-h629-no/IMG_4622.JPG","https://lh6.googleusercontent.com/-sSldWGrz7jY/U_9RyFstJvI/AAAAAAAAGPY/NKtK3kUWgfQ/d/IMG_4622.JPG","https://drive.google.com/thumbnail?id=1pNTxyewpBo68fHH_AR-jGO06Xcb08iQ1&sz=w1600","1pNTxyewpBo68fHH_AR-jGO06Xcb08iQ1"
"9","День 8 - Cape Breton, Skyline trail, Cabot trail","09 - День 8 - Кейп-Бретон, Скайлайн-трейл, Кабот-трейл","31","31","161","530","IMG_4631.JPG","09 - День 8 - Кейп-Бретон, Скайлайн-трейл, Кабот-трейл/31_IMG_4631.JPG","downloaded","2048","1152","416594","eafa2bc27ac8a15ac66a04685d32f1c747d7197df96b882f9107bc27dbf8e085","https://lh3.googleusercontent.com/-iAuD77gDmCI/U_9Ry_F1mXI/AAAAAAAAGPs/m4vUFaDpXT0/w1118-h629-no/IMG_4631.JPG","https://lh3.googleusercontent.com/-iAuD77gDmCI/U_9Ry_F1mXI/AAAAAAAAGPs/m4vUFaDpXT0/d/IMG_4631.JPG","https://drive.google.com/thumbnail?id=1atlhfiWX7DxGt4CsawgDbByi2iUASDoF&sz=w1600","1atlhfiWX7DxGt4CsawgDbByi2iUASDoF"
"9","День 8 - Cape Breton, Skyline trail, Cabot trail","09 - День 8 - Кейп-Бретон, Скайлайн-трейл, Кабот-трейл","32","32","162","532","IMG_4634.JPG","09 - День 8 - Кейп-Бретон, Скайлайн-трейл, Кабот-трейл/32_IMG_4634.JPG","downloaded","2048","1152","450868","bcd62503d1ac8d14521044eec38151a97fb73b30f01af4e9c36e352f90676b51","https://lh5.googleusercontent.com/-A025OiwWPPY/U_9RzejXdiI/AAAAAAAAGQM/FrPUOBzYfV8/w1118-h629-no/IMG_4634.JPG","https://lh5.googleusercontent.com/-A025OiwWPPY/U_9RzejXdiI/AAAAAAAAGQM/FrPUOBzYfV8/d/IMG_4634.JPG","https://drive.google.com/thumbnail?id=1EDMtHybtrw-CnBsg0llZZIwYIRHlMGr3&sz=w1600","1EDMtHybtrw-CnBsg0llZZIwYIRHlMGr3"
"10","День 9 - Cape Breton - Alexander Bell, Fortress of Louisbourg, Sydney","10 - День 9 - Кейп-Бретон - Белл, Луисбург, Сидней","1","1","163","542","DSC02304.JPG","10 - День 9 - Кейп-Бретон - Белл, Луисбург, Сидней/01_DSC02304.JPG","downloaded","2048","1536","508971","6f1271f5064aaef9d6f8e8c3b6c07dd2baacca46cadd536745bde070ff0c3901","https://lh4.googleusercontent.com/-lO5GDxGDy4Q/U_-Dm58UpxI/AAAAAAAAGRs/lKywlF0dyww/w945-h709-no/DSC02304.JPG","https://lh4.googleusercontent.com/-lO5GDxGDy4Q/U_-Dm58UpxI/AAAAAAAAGRs/lKywlF0dyww/d/DSC02304.JPG","https://drive.google.com/thumbnail?id=1jUTCw13_U5jNoaCvxAyyguCgMH1VKYM2&sz=w1600","1jUTCw13_U5jNoaCvxAyyguCgMH1VKYM2"
"10","День 9 - Cape Breton - Alexander Bell, Fortress of Louisbourg, Sydney","10 - День 9 - Кейп-Бретон - Белл, Луисбург, Сидней","2","2","164","545","DSC02303.JPG","10 - День 9 - Кейп-Бретон - Белл, Луисбург, Сидней/02_DSC02303.JPG","downloaded","2048","1536","527022","a0cab3107a8d27c8cfeaf3a67a22a31b3a6d622d04c7777c1f3ce1526bb69176","https://lh4.googleusercontent.com/-RvfDgu_Q_8Q/U_-DncHmV9I/AAAAAAAAGRw/dndc_zO8DNs/w945-h709-no/DSC02303.JPG","https://lh4.googleusercontent.com/-RvfDgu_Q_8Q/U_-DncHmV9I/AAAAAAAAGRw/dndc_zO8DNs/d/DSC02303.JPG","https://drive.google.com/thumbnail?id=1wlqA0KFtxtNq72bUTLkGISk35ez69RfO&sz=w1600","1wlqA0KFtxtNq72bUTLkGISk35ez69RfO"
"10","День 9 - Cape Breton - Alexander Bell, Fortress of Louisbourg, Sydney","10 - День 9 - Кейп-Бретон - Белл, Луисбург, Сидней","3","3","165","547","DSC02306.JPG","10 - День 9 - Кейп-Бретон - Белл, Луисбург, Сидней/03_DSC02306.JPG","downloaded","2048","1536","430789","0cf247c0ad82157c1a41748dc62ff88b7ca3fde2a93c2f3f642cb793973edc91","https://lh5.googleusercontent.com/-ShtON1r-Wo4/U_-Dm40JyiI/AAAAAAAAGRo/erqN4VOqnYc/w945-h709-no/DSC02306.JPG","https://lh5.googleusercontent.com/-ShtON1r-Wo4/U_-Dm40JyiI/AAAAAAAAGRo/erqN4VOqnYc/d/DSC02306.JPG","https://drive.google.com/thumbnail?id=1DaYSkA1kCSqc5L_EAOwdPkeSmcLJAtvF&sz=w1600","1DaYSkA1kCSqc5L_EAOwdPkeSmcLJAtvF"
"10","День 9 - Cape Breton - Alexander Bell, Fortress of Louisbourg, Sydney","10 - День 9 - Кейп-Бретон - Белл, Луисбург, Сидней","4","4","166","549","DSC02309.JPG","10 - День 9 - Кейп-Бретон - Белл, Луисбург, Сидней/04_DSC02309.JPG","downloaded","2048","1536","299078","3ead421da7d43f07a76fb1a6cfc2372455e016b5f81d073a4f144edf27bc8926","https://lh4.googleusercontent.com/-PtpWHd2TpKM/U_-EQOWXpWI/AAAAAAAAGSo/FbnOzOdef-g/w945-h709-no/DSC02309.JPG","https://lh4.googleusercontent.com/-PtpWHd2TpKM/U_-EQOWXpWI/AAAAAAAAGSo/FbnOzOdef-g/d/DSC02309.JPG","https://drive.google.com/thumbnail?id=1g-3ioEhWtjWvCGlDBZ_FtBeKMqpOXPa0&sz=w1600","1g-3ioEhWtjWvCGlDBZ_FtBeKMqpOXPa0"
"10","День 9 - Cape Breton - Alexander Bell, Fortress of Louisbourg, Sydney","10 - День 9 - Кейп-Бретон - Белл, Луисбург, Сидней","5","5","167","553","DSC02313.JPG","10 - День 9 - Кейп-Бретон - Белл, Луисбург, Сидней/05_DSC02313.JPG","downloaded","1536","2048","638784","06ddc85d76f9fea3dd2929ad2a7ee0908e906496e5cf314eb0197366b1b0aafb","https://lh3.googleusercontent.com/-cJ9MuoEXpMc/U_-DX7yZ2gI/AAAAAAAAGRY/cw5R7gzDJ58/w532-h709-no/DSC02313.JPG","https://lh3.googleusercontent.com/-cJ9MuoEXpMc/U_-DX7yZ2gI/AAAAAAAAGRY/cw5R7gzDJ58/d/DSC02313.JPG","https://drive.google.com/thumbnail?id=1UNojzbitjtgqlyxL_fb3FHeiKfKV-WYv&sz=w1600","1UNojzbitjtgqlyxL_fb3FHeiKfKV-WYv"
"10","День 9 - Cape Breton - Alexander Bell, Fortress of Louisbourg, Sydney","10 - День 9 - Кейп-Бретон - Белл, Луисбург, Сидней","6","6","168","557","DSC02308.JPG","10 - День 9 - Кейп-Бретон - Белл, Луисбург, Сидней/06_DSC02308.JPG","downloaded","1536","2048","361506","36fb0c66bf7231e076869ba8bb841808d499fd50358e92c74e6e9cb392c91d23","https://lh6.googleusercontent.com/-1mrvZi6HBn8/U_-Dr_c8CSI/AAAAAAAAGR4/5zBUwZKb0MU/w532-h709-no/DSC02308.JPG","https://lh6.googleusercontent.com/-1mrvZi6HBn8/U_-Dr_c8CSI/AAAAAAAAGR4/5zBUwZKb0MU/d/DSC02308.JPG","https://drive.google.com/thumbnail?id=10j3nPkUTa2B8zZ7V4MAPhsvOx2RC0oF6&sz=w1600","10j3nPkUTa2B8zZ7V4MAPhsvOx2RC0oF6"
"10","День 9 - Cape Breton - Alexander Bell, Fortress of Louisbourg, Sydney","10 - День 9 - Кейп-Бретон - Белл, Луисбург, Сидней","7","7","169","561","DSC02310.JPG","10 - День 9 - Кейп-Бретон - Белл, Луисбург, Сидней/07_DSC02310.JPG","downloaded","2048","1536","456039","46af1a7fd04e5f1e1cfd8813a7b1f5b8c51565a9a6f26d26735258f4ad1de377","https://lh4.googleusercontent.com/-YERO2BN69nE/U_-Dr4qgpzI/AAAAAAAAGSA/4nHReDgqskw/w945-h709-no/DSC02310.JPG","https://lh4.googleusercontent.com/-YERO2BN69nE/U_-Dr4qgpzI/AAAAAAAAGSA/4nHReDgqskw/d/DSC02310.JPG","https://drive.google.com/thumbnail?id=1qw6Ann1O68MBawLZDy_Ce3W-zcuQHMyU&sz=w1600","1qw6Ann1O68MBawLZDy_Ce3W-zcuQHMyU"
"10","День 9 - Cape Breton - Alexander Bell, Fortress of Louisbourg, Sydney","10 - День 9 - Кейп-Бретон - Белл, Луисбург, Сидней","8","8","170","565","IMG_4643.JPG","10 - День 9 - Кейп-Бретон - Белл, Луисбург, Сидней/08_IMG_4643.JPG","downloaded","2048","1152","411085","48ec4a43fe7506bcd41e07f1d43c50aedf10f762579b1cc31941bf5aa0a40725","https://lh6.googleusercontent.com/-gWp8H0xYOd0/U_-EOcB6MHI/AAAAAAAAGS0/buqCc-k-auQ/w1118-h629-no/IMG_4643.JPG","https://lh6.googleusercontent.com/-gWp8H0xYOd0/U_-EOcB6MHI/AAAAAAAAGS0/buqCc-k-auQ/d/IMG_4643.JPG","https://drive.google.com/thumbnail?id=1lw9O2RMMiSfTeD_JLYBz9AWMCOQ8lfoP&sz=w1600","1lw9O2RMMiSfTeD_JLYBz9AWMCOQ8lfoP"
"10","День 9 - Cape Breton - Alexander Bell, Fortress of Louisbourg, Sydney","10 - День 9 - Кейп-Бретон - Белл, Луисбург, Сидней","9","9","171","567","IMG_4646.JPG","10 - День 9 - Кейп-Бретон - Белл, Луисбург, Сидней/09_IMG_4646.JPG","downloaded","2048","1152","659298","6ac6c74ee4ec16e4dbc7adef9bb2f570a50a03a681e87a622d1455dc6b0bdfda","https://lh5.googleusercontent.com/-sAT7Sa4S4Qs/U_-EQ4yDq6I/AAAAAAAAGSw/4GLYbPFzuhU/w1118-h629-no/IMG_4646.JPG","https://lh5.googleusercontent.com/-sAT7Sa4S4Qs/U_-EQ4yDq6I/AAAAAAAAGSw/4GLYbPFzuhU/d/IMG_4646.JPG","https://drive.google.com/thumbnail?id=1p8Wduqu0bPBXsQS1zb9fJXOInl7Tf880&sz=w1600","1p8Wduqu0bPBXsQS1zb9fJXOInl7Tf880"
"10","День 9 - Cape Breton - Alexander Bell, Fortress of Louisbourg, Sydney","10 - День 9 - Кейп-Бретон - Белл, Луисбург, Сидней","10","10","172","569","IMG_4649.JPG","10 - День 9 - Кейп-Бретон - Белл, Луисбург, Сидней/10_IMG_4649.JPG","downloaded","2048","1152","499841","9cde33c997a69d4c5219c507449b30a4658bcf226dcdf8feb35d3095a9e78817","https://lh3.googleusercontent.com/-S-z6wdKbDSw/U_-ERuW4zsI/AAAAAAAAGTE/4POd-b6zro8/w1118-h629-no/IMG_4649.JPG","https://lh3.googleusercontent.com/-S-z6wdKbDSw/U_-ERuW4zsI/AAAAAAAAGTE/4POd-b6zro8/d/IMG_4649.JPG","https://drive.google.com/thumbnail?id=1fk8Cq6wANLqVqTHhFqtTSgzc-Vi4QqJn&sz=w1600","1fk8Cq6wANLqVqTHhFqtTSgzc-Vi4QqJn"
"10","День 9 - Cape Breton - Alexander Bell, Fortress of Louisbourg, Sydney","10 - День 9 - Кейп-Бретон - Белл, Луисбург, Сидней","11","11","173","571","IMG_4650.JPG","10 - День 9 - Кейп-Бретон - Белл, Луисбург, Сидней/11_IMG_4650.JPG","downloaded","2048","1152","486274","53d5fd55892e171c55894f53653f9b304f8be89a11ed4036ecf7c9b960e75978","https://lh4.googleusercontent.com/-iQ6n5mVg4Yo/U_-EaS-McOI/AAAAAAAAGTw/9y-l5eKhRJc/w1118-h629-no/IMG_4650.JPG","https://lh4.googleusercontent.com/-iQ6n5mVg4Yo/U_-EaS-McOI/AAAAAAAAGTw/9y-l5eKhRJc/d/IMG_4650.JPG","https://drive.google.com/thumbnail?id=1Y-soyGm4oiZMvLmSPFkngIrxcvZ-AU0q&sz=w1600","1Y-soyGm4oiZMvLmSPFkngIrxcvZ-AU0q"
"10","День 9 - Cape Breton - Alexander Bell, Fortress of Louisbourg, Sydney","10 - День 9 - Кейп-Бретон - Белл, Луисбург, Сидней","12","12","174","573","IMG_4658.JPG","10 - День 9 - Кейп-Бретон - Белл, Луисбург, Сидней/12_IMG_4658.JPG","downloaded","2048","1152","492191","af6ea5dec27d67bdfebdb9416251bb74b6562ab691ce22d8f72cf85919cb6de8","https://lh6.googleusercontent.com/-diC0_IBxLMQ/U_-EbZNiv8I/AAAAAAAAGTc/YKg939uoiKw/w1118-h629-no/IMG_4658.JPG","https://lh6.googleusercontent.com/-diC0_IBxLMQ/U_-EbZNiv8I/AAAAAAAAGTc/YKg939uoiKw/d/IMG_4658.JPG","https://drive.google.com/thumbnail?id=1D8C3HQPUKSi8rSGle6i2lPeBKcB3bMTT&sz=w1600","1D8C3HQPUKSi8rSGle6i2lPeBKcB3bMTT"
"10","День 9 - Cape Breton - Alexander Bell, Fortress of Louisbourg, Sydney","10 - День 9 - Кейп-Бретон - Белл, Луисбург, Сидней","13","13","175","577","IMG_4654.JPG","10 - День 9 - Кейп-Бретон - Белл, Луисбург, Сидней/13_IMG_4654.JPG","downloaded","2048","1152","601552","af343ffe49e8989d3484a2db4d112b13d67f6908ee71877bbc86bfed16c4563f","https://lh3.googleusercontent.com/-XPt_YUFZRWY/U_-Ee1nTLEI/AAAAAAAAGUM/2KP5cNQPxPs/w1118-h629-no/IMG_4654.JPG","https://lh3.googleusercontent.com/-XPt_YUFZRWY/U_-Ee1nTLEI/AAAAAAAAGUM/2KP5cNQPxPs/d/IMG_4654.JPG","https://drive.google.com/thumbnail?id=1F3EeMl_iUc428hrJNT77KVIALHanrHGt&sz=w1600","1F3EeMl_iUc428hrJNT77KVIALHanrHGt"
"10","День 9 - Cape Breton - Alexander Bell, Fortress of Louisbourg, Sydney","10 - День 9 - Кейп-Бретон - Белл, Луисбург, Сидней","14","14","176","579","IMG_4663.JPG","10 - День 9 - Кейп-Бретон - Белл, Луисбург, Сидней/14_IMG_4663.JPG","downloaded","2048","1152","453761","b7dfc7ead44cf0194db27e3b8342ad315127169066d35cad9aee9682b60cb765","https://lh4.googleusercontent.com/-LzVwf5WvY4g/U_-EczyS1qI/AAAAAAAAGT4/mh3ZHoLAYqM/w1118-h629-no/IMG_4663.JPG","https://lh4.googleusercontent.com/-LzVwf5WvY4g/U_-EczyS1qI/AAAAAAAAGT4/mh3ZHoLAYqM/d/IMG_4663.JPG","https://drive.google.com/thumbnail?id=1oOkQSdkJ-yQm8qmiOuFnCGgZSAi9h0JG&sz=w1600","1oOkQSdkJ-yQm8qmiOuFnCGgZSAi9h0JG"
"10","День 9 - Cape Breton - Alexander Bell, Fortress of Louisbourg, Sydney","10 - День 9 - Кейп-Бретон - Белл, Луисбург, Сидней","15","15","177","581","IMG_4666.JPG","10 - День 9 - Кейп-Бретон - Белл, Луисбург, Сидней/15_IMG_4666.JPG","downloaded","2048","1152","455466","395d6feab339011a4638aa10757e1bddd3c9887d024fa78846ef1162529293cc","https://lh5.googleusercontent.com/-EobzW-juIQk/U_-EdOaORTI/AAAAAAAAGT0/3Vy4kUcEMgU/w1118-h629-no/IMG_4666.JPG","https://lh5.googleusercontent.com/-EobzW-juIQk/U_-EdOaORTI/AAAAAAAAGT0/3Vy4kUcEMgU/d/IMG_4666.JPG","https://drive.google.com/thumbnail?id=1zMk1FWSTc-nQb88sDJzZPY4vGjvGzgfY&sz=w1600","1zMk1FWSTc-nQb88sDJzZPY4vGjvGzgfY"
"10","День 9 - Cape Breton - Alexander Bell, Fortress of Louisbourg, Sydney","10 - День 9 - Кейп-Бретон - Белл, Луисбург, Сидней","16","16","178","585","IMG_4661.JPG","10 - День 9 - Кейп-Бретон - Белл, Луисбург, Сидней/16_IMG_4661.JPG","downloaded","2048","1152","587437","8fdc89ac969f7342284338f7e8aac07fcd69fcbf837da7eb8042b551591bbce6","https://lh6.googleusercontent.com/-eamqJvWkGCs/U_-Eb6QUiyI/AAAAAAAAGTg/5GFlXKD5XmI/w1118-h629-no/IMG_4661.JPG","https://lh6.googleusercontent.com/-eamqJvWkGCs/U_-Eb6QUiyI/AAAAAAAAGTg/5GFlXKD5XmI/d/IMG_4661.JPG","https://drive.google.com/thumbnail?id=1ANjuE6rJn0vy1kdRNEag5rxNULKKAuZu&sz=w1600","1ANjuE6rJn0vy1kdRNEag5rxNULKKAuZu"
"10","День 9 - Cape Breton - Alexander Bell, Fortress of Louisbourg, Sydney","10 - День 9 - Кейп-Бретон - Белл, Луисбург, Сидней","17","17","179","587","IMG_4662.JPG","10 - День 9 - Кейп-Бретон - Белл, Луисбург, Сидней/17_IMG_4662.JPG","downloaded","2048","1152","575552","73fd422aa45bcff378dfcd03d5a8a4057bec34a8bb01a65f49c73ad9e0f8d0ba","https://lh6.googleusercontent.com/-HcsmJ6xV6NY/U_-EcEyh-BI/AAAAAAAAGTk/h2ccaBVQuzU/w1118-h629-no/IMG_4662.JPG","https://lh6.googleusercontent.com/-HcsmJ6xV6NY/U_-EcEyh-BI/AAAAAAAAGTk/h2ccaBVQuzU/d/IMG_4662.JPG","https://drive.google.com/thumbnail?id=1twmpzOQiOMQR88TjCgGkWa4to-E-ohRA&sz=w1600","1twmpzOQiOMQR88TjCgGkWa4to-E-ohRA"
"10","День 9 - Cape Breton - Alexander Bell, Fortress of Louisbourg, Sydney","10 - День 9 - Кейп-Бретон - Белл, Луисбург, Сидней","18","18","180","591","IMG_4673.JPG","10 - День 9 - Кейп-Бретон - Белл, Луисбург, Сидней/18_IMG_4673.JPG","downloaded","2048","1152","692254","5f64d803db0c81a00bd89ecd300f505dd2f76b397b4f25449c02074fbef05790","https://lh4.googleusercontent.com/-azsyi97hetE/U_-EKmexWhI/AAAAAAAAGSQ/t4fORcUJs50/w1118-h629-no/IMG_4673.JPG","https://lh4.googleusercontent.com/-azsyi97hetE/U_-EKmexWhI/AAAAAAAAGSQ/t4fORcUJs50/d/IMG_4673.JPG","https://drive.google.com/thumbnail?id=1oaMSFtLKFahV2H2Wt8zefQw0iUrpYM-L&sz=w1600","1oaMSFtLKFahV2H2Wt8zefQw0iUrpYM-L"
"10","День 9 - Cape Breton - Alexander Bell, Fortress of Louisbourg, Sydney","10 - День 9 - Кейп-Бретон - Белл, Луисбург, Сидней","19","19","181","593","IMG_4675.JPG","10 - День 9 - Кейп-Бретон - Белл, Луисбург, Сидней/19_IMG_4675.JPG","downloaded","2048","1152","518925","85af858bc18a36745efded244c2c8ef55fb42f5836154b7f57d06f43f7787b65","https://lh5.googleusercontent.com/-EdGZYCluP74/U_-EeDKS1dI/AAAAAAAAGUE/g___xn3cldg/w1118-h629-no/IMG_4675.JPG","https://lh5.googleusercontent.com/-EdGZYCluP74/U_-EeDKS1dI/AAAAAAAAGUE/g___xn3cldg/d/IMG_4675.JPG","https://drive.google.com/thumbnail?id=110SUX9wC5ow0zmomIJu7Bsh_-yBSYLik&sz=w1600","110SUX9wC5ow0zmomIJu7Bsh_-yBSYLik"
"10","День 9 - Cape Breton - Alexander Bell, Fortress of Louisbourg, Sydney","10 - День 9 - Кейп-Бретон - Белл, Луисбург, Сидней","20","20","182","595","IMG_4680.JPG","10 - День 9 - Кейп-Бретон - Белл, Луисбург, Сидней/20_IMG_4680.JPG","downloaded","1152","2048","691883","bf73a773dbc1480b2556ca4563d5abdbf97c521a80de35c98dcc66d55d60a826","https://lh6.googleusercontent.com/-zynS5tiw3Jw/U_-EKnboyUI/AAAAAAAAGSc/DBMgvZAw0Ag/w399-h709-no/IMG_4680.JPG","https://lh6.googleusercontent.com/-zynS5tiw3Jw/U_-EKnboyUI/AAAAAAAAGSc/DBMgvZAw0Ag/d/IMG_4680.JPG","https://drive.google.com/thumbnail?id=15Lr3vb38nIjukSxUx_Y0F8fcx_sYgX_t&sz=w1600","15Lr3vb38nIjukSxUx_Y0F8fcx_sYgX_t"
"10","День 9 - Cape Breton - Alexander Bell, Fortress of Louisbourg, Sydney","10 - День 9 - Кейп-Бретон - Белл, Луисбург, Сидней","21","21","183","597","IMG_4671.JPG","10 - День 9 - Кейп-Бретон - Белл, Луисбург, Сидней/21_IMG_4671.JPG","downloaded","1152","2048","342514","4aaede3c50e84e7cdd73f013e9563922ff0f76fe503c83b5efc213ea1955295d","https://lh5.googleusercontent.com/-EWHwoJ46hDI/U_-EKUlAaXI/AAAAAAAAGUc/Lq69FTyyPOI/w399-h709-no/IMG_4671.JPG","https://lh5.googleusercontent.com/-EWHwoJ46hDI/U_-EKUlAaXI/AAAAAAAAGUc/Lq69FTyyPOI/d/IMG_4671.JPG","https://drive.google.com/thumbnail?id=1s2hM3MAhLGpkvhzzXlZSdawS_uDRu0hx&sz=w1600","1s2hM3MAhLGpkvhzzXlZSdawS_uDRu0hx"
"10","День 9 - Cape Breton - Alexander Bell, Fortress of Louisbourg, Sydney","10 - День 9 - Кейп-Бретон - Белл, Луисбург, Сидней","22","22","184","601","IMG_4683.JPG","10 - День 9 - Кейп-Бретон - Белл, Луисбург, Сидней/22_IMG_4683.JPG","downloaded","2048","1152","556685","1fa60445b8f59d89360744e94f9093b6a61884b859f3bb6b0cf9c3acbe53ae5e","https://lh5.googleusercontent.com/-T_MDh2vFCPQ/U_-EWMHcr-I/AAAAAAAAGUA/hJ3_UDqwsrQ/w1118-h629-no/IMG_4683.JPG","https://lh5.googleusercontent.com/-T_MDh2vFCPQ/U_-EWMHcr-I/AAAAAAAAGUA/hJ3_UDqwsrQ/d/IMG_4683.JPG","https://drive.google.com/thumbnail?id=1w4pb1-gcF91qIfM-SMO-WH6lGFS7d2M5&sz=w1600","1w4pb1-gcF91qIfM-SMO-WH6lGFS7d2M5"
"10","День 9 - Cape Breton - Alexander Bell, Fortress of Louisbourg, Sydney","10 - День 9 - Кейп-Бретон - Белл, Луисбург, Сидней","23","23","185","603","IMG_4687.JPG","10 - День 9 - Кейп-Бретон - Белл, Луисбург, Сидней/23_IMG_4687.JPG","downloaded","2048","1152","461005","5c1e221f4ecbe51d50da7d7cd27e00e4d40979a97247a3e80205200cc425b2e0","https://lh4.googleusercontent.com/-a6FWDy3vNII/U_-ETOFJgVI/AAAAAAAAGTA/RHUNU5pKsbw/w1118-h629-no/IMG_4687.JPG","https://lh4.googleusercontent.com/-a6FWDy3vNII/U_-ETOFJgVI/AAAAAAAAGTA/RHUNU5pKsbw/d/IMG_4687.JPG","https://drive.google.com/thumbnail?id=1KZl_Q7Dfkc8GG0S-P8z1lMwauXKz6cYo&sz=w1600","1KZl_Q7Dfkc8GG0S-P8z1lMwauXKz6cYo"
"10","День 9 - Cape Breton - Alexander Bell, Fortress of Louisbourg, Sydney","10 - День 9 - Кейп-Бретон - Белл, Луисбург, Сидней","24","24","186","607","IMG_4696.JPG","10 - День 9 - Кейп-Бретон - Белл, Луисбург, Сидней/24_IMG_4696.JPG","downloaded","2048","1152","373616","60cb3b9316967de32e26b75fd154e24711bbbf6bc69695ee0f12af05e556b1d1","https://lh6.googleusercontent.com/-e_LV_bSq6pY/U_-EL8sEYYI/AAAAAAAAGSY/Tb93gEMWRJA/w1118-h629-no/IMG_4696.JPG","https://lh6.googleusercontent.com/-e_LV_bSq6pY/U_-EL8sEYYI/AAAAAAAAGSY/Tb93gEMWRJA/d/IMG_4696.JPG","https://drive.google.com/thumbnail?id=1jcwYONuXApx1C1t-V72oh2eTYMjgp_GO&sz=w1600","1jcwYONuXApx1C1t-V72oh2eTYMjgp_GO"
"10","День 9 - Cape Breton - Alexander Bell, Fortress of Louisbourg, Sydney","10 - День 9 - Кейп-Бретон - Белл, Луисбург, Сидней","25","25","187","611","IMG_4715.JPG","10 - День 9 - Кейп-Бретон - Белл, Луисбург, Сидней/25_IMG_4715.JPG","downloaded","2048","1152","115388","330e3caf69a8cce18e918f7ba156946a2b96698bb07120f6fb8b98a0c5f986c6","https://lh6.googleusercontent.com/-27nm94mYtP0/U_-L2l_9ypI/AAAAAAAAGVM/2eJ_NnzdmXY/w1118-h629-no/IMG_4715.JPG","https://lh6.googleusercontent.com/-27nm94mYtP0/U_-L2l_9ypI/AAAAAAAAGVM/2eJ_NnzdmXY/d/IMG_4715.JPG","https://drive.google.com/thumbnail?id=1E1jRm8QUaZxyyJwN1aWNmRAwqsF8hf4x&sz=w1600","1E1jRm8QUaZxyyJwN1aWNmRAwqsF8hf4x"
"10","День 9 - Cape Breton - Alexander Bell, Fortress of Louisbourg, Sydney","10 - День 9 - Кейп-Бретон - Белл, Луисбург, Сидней","26","26","188","615","IMG_4714.JPG","10 - День 9 - Кейп-Бретон - Белл, Луисбург, Сидней/26_IMG_4714.JPG","downloaded","2048","1152","277339","4a409d5e11ee4d05d305c756a7b70fa163302f27a5174c765239e93ae9408630","https://lh3.googleusercontent.com/-IXkdTdVIDW4/U_-L2VYfSfI/AAAAAAAAGVI/zcgzS1YIgOI/w1118-h629-no/IMG_4714.JPG","https://lh3.googleusercontent.com/-IXkdTdVIDW4/U_-L2VYfSfI/AAAAAAAAGVI/zcgzS1YIgOI/d/IMG_4714.JPG","https://drive.google.com/thumbnail?id=1_1dKXCxzJdoZsj0NePxXxUwWl-HiIlNX&sz=w1600","1_1dKXCxzJdoZsj0NePxXxUwWl-HiIlNX"
"10","День 9 - Cape Breton - Alexander Bell, Fortress of Louisbourg, Sydney","10 - День 9 - Кейп-Бретон - Белл, Луисбург, Сидней","27","27","189","619","IMG_4704.JPG","10 - День 9 - Кейп-Бретон - Белл, Луисбург, Сидней/27_IMG_4704.JPG","downloaded","2048","1152","281381","f73fd63b00ce32f1c877cd7af24c711eecf55c144fce2a6fcdd3499185674d56","https://lh5.googleusercontent.com/-z1sin0NNp8w/U_-L16RlgKI/AAAAAAAAGU0/zpP1bF-lxk8/w1118-h629-no/IMG_4704.JPG","https://lh5.googleusercontent.com/-z1sin0NNp8w/U_-L16RlgKI/AAAAAAAAGU0/zpP1bF-lxk8/d/IMG_4704.JPG","https://drive.google.com/thumbnail?id=1muuh0CCVyA46XEkF_26cY1nlxneIw5Q9&sz=w1600","1muuh0CCVyA46XEkF_26cY1nlxneIw5Q9"
"10","День 9 - Cape Breton - Alexander Bell, Fortress of Louisbourg, Sydney","10 - День 9 - Кейп-Бретон - Белл, Луисбург, Сидней","28","28","190","621","IMG_4712.JPG","10 - День 9 - Кейп-Бретон - Белл, Луисбург, Сидней/28_IMG_4712.JPG","downloaded","1152","2048","225817","5dbd1332dcab36b5f505566eea1524bfd2a809208298a42416712c96f1bae00e","https://lh6.googleusercontent.com/-CVUISdsBPmU/U_-L11zTfQI/AAAAAAAAGVA/Gnul5ASLu8U/w399-h709-no/IMG_4712.JPG","https://lh6.googleusercontent.com/-CVUISdsBPmU/U_-L11zTfQI/AAAAAAAAGVA/Gnul5ASLu8U/d/IMG_4712.JPG","https://drive.google.com/thumbnail?id=16288e7louQYfloIDNRmWVDwKmhx2sGy-&sz=w1600","16288e7louQYfloIDNRmWVDwKmhx2sGy-"
"10","День 9 - Cape Breton - Alexander Bell, Fortress of Louisbourg, Sydney","10 - День 9 - Кейп-Бретон - Белл, Луисбург, Сидней","29","29","191","625","IMG_4706.JPG","10 - День 9 - Кейп-Бретон - Белл, Луисбург, Сидней/29_IMG_4706.JPG","downloaded","2048","1152","359644","e61c9b570324732eb43c21d0d9668a2ed67f6a848f53a960186c36af5d1bc057","https://lh3.googleusercontent.com/-6n2fNt8f4eY/U_-L13prrJI/AAAAAAAAGU4/q8ykFcNHDu8/w1118-h629-no/IMG_4706.JPG","https://lh3.googleusercontent.com/-6n2fNt8f4eY/U_-L13prrJI/AAAAAAAAGU4/q8ykFcNHDu8/d/IMG_4706.JPG","https://drive.google.com/thumbnail?id=1NqvJNydU4p2qYZ0c3CTIc5nSbvtQi-Q1&sz=w1600","1NqvJNydU4p2qYZ0c3CTIc5nSbvtQi-Q1"
"11","День 10 - Halifax","11 - День 10 - Галифакс","1","1","192","629","IMG_4735.JPG","11 - День 10 - Галифакс/01_IMG_4735.JPG","downloaded","2048","1152","385706","6ab37aa3db1484155d4d02c8de8bc222df95535d5a99affe21ba3c35d70efae6","https://lh5.googleusercontent.com/-x-VcgEsFeDg/VAUlzWxZRAI/AAAAAAAAGZc/uVltxXF7NR0/w1026-h577-no/IMG_4735.JPG","https://lh5.googleusercontent.com/-x-VcgEsFeDg/VAUlzWxZRAI/AAAAAAAAGZc/uVltxXF7NR0/d/IMG_4735.JPG","https://drive.google.com/thumbnail?id=1Py2l5oBfq5Jzebdm2sKukN1n05bgcCmk&sz=w1600","1Py2l5oBfq5Jzebdm2sKukN1n05bgcCmk"
"11","День 10 - Halifax","11 - День 10 - Галифакс","2","2","193","636","IMG_20140901_223641.jpg","11 - День 10 - Галифакс/02_IMG_20140901_223641.jpg","downloaded","1536","2048","414764","d8454e420bd4b216f5eec58ff270a4c8378fb08e67cbf26e302a77d521a2c22c","https://lh3.googleusercontent.com/-dNVtXXlu2RA/VAit_BVe_BI/AAAAAAAAGoU/hTrbgDkmU6I/w433-h577-no/IMG_20140901_223641.jpg","https://lh3.googleusercontent.com/-dNVtXXlu2RA/VAit_BVe_BI/AAAAAAAAGoU/hTrbgDkmU6I/d/IMG_20140901_223641.jpg","https://drive.google.com/thumbnail?id=1Omeg-OhWxKyPND-68REK3SypxhdQWOAc&sz=w1600","1Omeg-OhWxKyPND-68REK3SypxhdQWOAc"
"11","День 10 - Halifax","11 - День 10 - Галифакс","3","3","194","640","IMG_4720.JPG","11 - День 10 - Галифакс/03_IMG_4720.JPG","downloaded","2048","1152","524828","9bc0b0cf2183601a513215aedde4fe3dd747520d6aa464caef2aa5db0b584b37","https://lh3.googleusercontent.com/-ssMrkVjbKt8/VAUlLKnIcTI/AAAAAAAAGYI/OiIO-EjyzBA/w1026-h577-no/IMG_4720.JPG","https://lh3.googleusercontent.com/-ssMrkVjbKt8/VAUlLKnIcTI/AAAAAAAAGYI/OiIO-EjyzBA/d/IMG_4720.JPG","https://drive.google.com/thumbnail?id=1fUD2ikHSgI0j-fvLiPY70LVf80Z7xZQP&sz=w1600","1fUD2ikHSgI0j-fvLiPY70LVf80Z7xZQP"
"11","День 10 - Halifax","11 - День 10 - Галифакс","4","4","195","644","IMG_4723.JPG","11 - День 10 - Галифакс/04_IMG_4723.JPG","downloaded","2048","1152","474949","810b436223f07c9562358e88157d19be673e6db60c1a55617ef6554b9f347e5a","https://lh6.googleusercontent.com/-wH4ak7AjAkA/VAUlaofFBfI/AAAAAAAAGYQ/pzb7PCIzVYg/w1026-h577-no/IMG_4723.JPG","https://lh6.googleusercontent.com/-wH4ak7AjAkA/VAUlaofFBfI/AAAAAAAAGYQ/pzb7PCIzVYg/d/IMG_4723.JPG","https://drive.google.com/thumbnail?id=18bIG-Uurt_PVwMS7Rg0r2DEluAXZ1y2B&sz=w1600","18bIG-Uurt_PVwMS7Rg0r2DEluAXZ1y2B"
"11","День 10 - Halifax","11 - День 10 - Галифакс","5","5","196","646","IMG_4724.JPG","11 - День 10 - Галифакс/05_IMG_4724.JPG","downloaded","2048","1152","471085","fb2ac766735caf6b8f77e458e070665f520097f85baf0c9b83a156bd8c49780e","https://lh6.googleusercontent.com/-wms1oNnQ_AQ/VAUlbaiETNI/AAAAAAAAGYc/ubRqJtqvfKk/w1026-h577-no/IMG_4724.JPG","https://lh6.googleusercontent.com/-wms1oNnQ_AQ/VAUlbaiETNI/AAAAAAAAGYc/ubRqJtqvfKk/d/IMG_4724.JPG","https://drive.google.com/thumbnail?id=1ZTN8ppLql1HKzyvUCMNj5DnYuxctgQZN&sz=w1600","1ZTN8ppLql1HKzyvUCMNj5DnYuxctgQZN"
"11","День 10 - Halifax","11 - День 10 - Галифакс","6","6","197","648","IMG_4725.JPG","11 - День 10 - Галифакс/06_IMG_4725.JPG","downloaded","2048","1152","567259","f0aa7ce5265ad7815ba4465caf3445af0cd6a96068cb676d9e7f84c6fe238872","https://lh3.googleusercontent.com/-tm2nlU6IsZ8/VAUlb3Ob2_I/AAAAAAAAGYg/6P2FBXU-yIs/w1026-h577-no/IMG_4725.JPG","https://lh3.googleusercontent.com/-tm2nlU6IsZ8/VAUlb3Ob2_I/AAAAAAAAGYg/6P2FBXU-yIs/d/IMG_4725.JPG","https://drive.google.com/thumbnail?id=13nIJrDi8fgIkH6NIBKhRmxpUukMjZoT1&sz=w1600","13nIJrDi8fgIkH6NIBKhRmxpUukMjZoT1"
"11","День 10 - Halifax","11 - День 10 - Галифакс","7","7","198","653","IMG_4726.JPG","11 - День 10 - Галифакс/07_IMG_4726.JPG","downloaded","2048","1152","357093","7a83b215700e7c3eea57e6dce5d5f5666a0654282cc55b2fbd21f2d6914c3fb1","https://lh6.googleusercontent.com/-lagIDRgqYxI/VAUlfq6LO5I/AAAAAAAAGYo/T8xbLyWRL3w/w1026-h577-no/IMG_4726.JPG","https://lh6.googleusercontent.com/-lagIDRgqYxI/VAUlfq6LO5I/AAAAAAAAGYo/T8xbLyWRL3w/d/IMG_4726.JPG","https://drive.google.com/thumbnail?id=1TdhRFaZ0rjqYFAeYSMJt3o_8MUMk7iFG&sz=w1600","1TdhRFaZ0rjqYFAeYSMJt3o_8MUMk7iFG"
"11","День 10 - Halifax","11 - День 10 - Галифакс","8","8","199","657","IMG_4776.JPG","11 - День 10 - Галифакс/08_IMG_4776.JPG","downloaded","2048","1152","571247","6d604fae9b644e601bc68de324fef7c9d98aeb102543ce23cbbc982c397615f0","https://lh5.googleusercontent.com/-_RfxY1VFqUo/VAUlm5itJNI/AAAAAAAAGZI/RAEH0l8s60I/w1026-h577-no/IMG_4776.JPG","https://lh5.googleusercontent.com/-_RfxY1VFqUo/VAUlm5itJNI/AAAAAAAAGZI/RAEH0l8s60I/d/IMG_4776.JPG","https://drive.google.com/thumbnail?id=1WyVdVGfxJCamOBPAgVFgla1wLoeXVhkV&sz=w1600","1WyVdVGfxJCamOBPAgVFgla1wLoeXVhkV"
"11","День 10 - Halifax","11 - День 10 - Галифакс","9","9","200","661","IMG_4727.JPG","11 - День 10 - Галифакс/09_IMG_4727.JPG","downloaded","2048","1152","259557","c63baf8aa489bb2681653a8b8f7a9a5d087d5207a59255faee55ae2e7bd0ee64","https://lh3.googleusercontent.com/-uha4WUB40v8/VAUlh2Nvi-I/AAAAAAAAGY0/qZdZI0odqWw/w1026-h577-no/IMG_4727.JPG","https://lh3.googleusercontent.com/-uha4WUB40v8/VAUlh2Nvi-I/AAAAAAAAGY0/qZdZI0odqWw/d/IMG_4727.JPG","https://drive.google.com/thumbnail?id=14ilGfIpWw0jDXLEaFFx4OPeTA1cxUOwa&sz=w1600","14ilGfIpWw0jDXLEaFFx4OPeTA1cxUOwa"
"11","День 10 - Halifax","11 - День 10 - Галифакс","10","10","201","663","IMG_4728.JPG","11 - День 10 - Галифакс/10_IMG_4728.JPG","downloaded","2048","1152","296838","8d6b4349a3bc626a18447802e81600d9a0d4863dc7e2022d2a602904e1c02b03","https://lh6.googleusercontent.com/-fWcrCiaaCtY/VAUliP7prPI/AAAAAAAAGY4/jCUSfhkTG8k/w1026-h577-no/IMG_4728.JPG","https://lh6.googleusercontent.com/-fWcrCiaaCtY/VAUliP7prPI/AAAAAAAAGY4/jCUSfhkTG8k/d/IMG_4728.JPG","https://drive.google.com/thumbnail?id=1k13xVk844vca38sdrgNnka7gbJK0LNZ4&sz=w1600","1k13xVk844vca38sdrgNnka7gbJK0LNZ4"
"11","День 10 - Halifax","11 - День 10 - Галифакс","11","11","202","665","IMG_4734.JPG","11 - День 10 - Галифакс/11_IMG_4734.JPG","downloaded","2048","1152","301708","9999ee2c9a1242ae79697e859838b90ca3d88a45cdc0f14e97f416dd12f8c809","https://lh3.googleusercontent.com/-JshtXWiiiaw/VAUlxvTUhxI/AAAAAAAAGZQ/i0nDx3WnVls/w1026-h577-no/IMG_4734.JPG","https://lh3.googleusercontent.com/-JshtXWiiiaw/VAUlxvTUhxI/AAAAAAAAGZQ/i0nDx3WnVls/d/IMG_4734.JPG","https://drive.google.com/thumbnail?id=1mGwO_gGeVlO1GXax8KQimdNWD3dftQJ1&sz=w1600","1mGwO_gGeVlO1GXax8KQimdNWD3dftQJ1"
"11","День 10 - Halifax","11 - День 10 - Галифакс","12","12","203","667","IMG_4739.JPG","11 - День 10 - Галифакс/12_IMG_4739.JPG","downloaded","2048","1152","390922","8c2bd89d6960e2b9f6ab6ca788eb5e5fb3eb39f19db350751f113baa4f7cbe0c","https://lh5.googleusercontent.com/-NY75TYfpHEw/VAUlz1vXFRI/AAAAAAAAGZg/ckjlB6kkCkY/w1026-h577-no/IMG_4739.JPG","https://lh5.googleusercontent.com/-NY75TYfpHEw/VAUlz1vXFRI/AAAAAAAAGZg/ckjlB6kkCkY/d/IMG_4739.JPG","https://drive.google.com/thumbnail?id=1XNiwQv4AD-p50bSqmXgmig0RquxFdAlI&sz=w1600","1XNiwQv4AD-p50bSqmXgmig0RquxFdAlI"
"11","День 10 - Halifax","11 - День 10 - Галифакс","13","13","204","669","IMG_4741.JPG","11 - День 10 - Галифакс/13_IMG_4741.JPG","downloaded","2048","1152","356964","b0719421b2831cb65272b11eb8d04d45b096df17cb41591c9457e5b92464377a","https://lh6.googleusercontent.com/-QPnIC9kfCdU/VAUlknGxZ9I/AAAAAAAAGZA/I7TKjYeVN4U/w1026-h577-no/IMG_4741.JPG","https://lh6.googleusercontent.com/-QPnIC9kfCdU/VAUlknGxZ9I/AAAAAAAAGZA/I7TKjYeVN4U/d/IMG_4741.JPG","https://drive.google.com/thumbnail?id=1kkqVp7jw4HOAttGbAy8bMEW81ZB1_qdq&sz=w1600","1kkqVp7jw4HOAttGbAy8bMEW81ZB1_qdq"
"11","День 10 - Halifax","11 - День 10 - Галифакс","14","14","205","671","IMG_4766.JPG","11 - День 10 - Галифакс/14_IMG_4766.JPG","downloaded","2048","1152","548600","e3109fce6e9b22fb6e7d00b1227d997b4e941c0f5ce69ca26750320eeb49b38d","https://lh5.googleusercontent.com/-AE30QVp9OQI/VAUmNDvylbI/AAAAAAAAGaY/n2c5UEc6vI4/w1026-h577-no/IMG_4766.JPG","https://lh5.googleusercontent.com/-AE30QVp9OQI/VAUmNDvylbI/AAAAAAAAGaY/n2c5UEc6vI4/d/IMG_4766.JPG","https://drive.google.com/thumbnail?id=1_Lhw8YwNVZkFkclt7oFZrqGkravftIxo&sz=w1600","1_Lhw8YwNVZkFkclt7oFZrqGkravftIxo"
"11","День 10 - Halifax","11 - День 10 - Галифакс","15","15","206","675","IMG_4747.JPG","11 - День 10 - Галифакс/15_IMG_4747.JPG","downloaded","2048","1152","406211","f01fb8f9fb5c99b1d9a2fc1dad5f7990b36395f7e186f16fe3f8701d9b0f4a7d","https://lh6.googleusercontent.com/-6k9lxceRwhg/VAUmElO9G0I/AAAAAAAAGZ0/BMBB6UnSDXM/w1026-h577-no/IMG_4747.JPG","https://lh6.googleusercontent.com/-6k9lxceRwhg/VAUmElO9G0I/AAAAAAAAGZ0/BMBB6UnSDXM/d/IMG_4747.JPG","https://drive.google.com/thumbnail?id=1nkJGZeJpEtZVMNghHh3lK1HxYz4O-9KQ&sz=w1600","1nkJGZeJpEtZVMNghHh3lK1HxYz4O-9KQ"
"11","День 10 - Halifax","11 - День 10 - Галифакс","16","16","207","677","IMG_4749.JPG","11 - День 10 - Галифакс/16_IMG_4749.JPG","downloaded","2048","1152","404854","1c50914f5965834fcbfb27de471aed147571c573002ca89c75bf4fc14c30985d","https://lh5.googleusercontent.com/-TjKFnXPx694/VAUmEysNegI/AAAAAAAAGZ4/B63prOijJ-Y/w1026-h577-no/IMG_4749.JPG","https://lh5.googleusercontent.com/-TjKFnXPx694/VAUmEysNegI/AAAAAAAAGZ4/B63prOijJ-Y/d/IMG_4749.JPG","https://drive.google.com/thumbnail?id=1wZrdfmeMUs1oL3PbSbzC6nHYK2D_GBX2&sz=w1600","1wZrdfmeMUs1oL3PbSbzC6nHYK2D_GBX2"
"11","День 10 - Halifax","11 - День 10 - Галифакс","17","17","208","679","IMG_4751.JPG","11 - День 10 - Галифакс/17_IMG_4751.JPG","downloaded","2048","1152","407941","f74f840b765d96c2b62ac6f053eb07ca4e34af3811ff9fec179b336c1763bd59","https://lh5.googleusercontent.com/-pdTMqBCzN44/VAUmH3Uv5VI/AAAAAAAAGaA/YaDgYeDqCic/w1026-h577-no/IMG_4751.JPG","https://lh5.googleusercontent.com/-pdTMqBCzN44/VAUmH3Uv5VI/AAAAAAAAGaA/YaDgYeDqCic/d/IMG_4751.JPG","https://drive.google.com/thumbnail?id=1_GQwQ7YywqpDh1kYsg5rC1yJGEMf4UrK&sz=w1600","1_GQwQ7YywqpDh1kYsg5rC1yJGEMf4UrK"
"11","День 10 - Halifax","11 - День 10 - Галифакс","18","18","209","681","IMG_4746.JPG","11 - День 10 - Галифакс/18_IMG_4746.JPG","downloaded","1152","2048","304484","d7bb466ebc7ba6c1bf16d96bac1b1c0f1be1697267cfeb3c212086c5d80942d5","https://lh4.googleusercontent.com/-8jUy9ddR0ZU/VAUmCIE0h6I/AAAAAAAAGZo/S9pGVAmduBU/w325-h577-no/IMG_4746.JPG","https://lh4.googleusercontent.com/-8jUy9ddR0ZU/VAUmCIE0h6I/AAAAAAAAGZo/S9pGVAmduBU/d/IMG_4746.JPG","https://drive.google.com/thumbnail?id=1Ry7b6no0rvyjHpRuNTnNZjUQAA3z3Nz6&sz=w1600","1Ry7b6no0rvyjHpRuNTnNZjUQAA3z3Nz6"
"11","День 10 - Halifax","11 - День 10 - Галифакс","19","19","210","683","IMG_4781.JPG","11 - День 10 - Галифакс/19_IMG_4781.JPG","downloaded","2048","1152","568278","8fb1e582350bda45dfd7392681d2f8344f3a0ea3ae62f8a5bdd10c163632d9e1","https://lh6.googleusercontent.com/-x3U0RsSFGrg/VAUmc8isWpI/AAAAAAAAGaw/tmspnLC-1VY/w1026-h577-no/IMG_4781.JPG","https://lh6.googleusercontent.com/-x3U0RsSFGrg/VAUmc8isWpI/AAAAAAAAGaw/tmspnLC-1VY/d/IMG_4781.JPG","https://drive.google.com/thumbnail?id=1yWTI0g_3UI2E1fnslHKE7xahdQ7XICKz&sz=w1600","1yWTI0g_3UI2E1fnslHKE7xahdQ7XICKz"
"11","День 10 - Halifax","11 - День 10 - Галифакс","20","20","211","687","IMG_4756.JPG","11 - День 10 - Галифакс/20_IMG_4756.JPG","downloaded","1152","2048","215378","1dbcb26f9223506f1db7d53caca326a4baed55c2c81374f59d6e952f3047d73f","https://lh4.googleusercontent.com/-xsCoJIpNI2c/VAUmNF3g6zI/AAAAAAAAGaU/Qgd_XuyimI4/w325-h577-no/IMG_4756.JPG","https://lh4.googleusercontent.com/-xsCoJIpNI2c/VAUmNF3g6zI/AAAAAAAAGaU/Qgd_XuyimI4/d/IMG_4756.JPG","https://drive.google.com/thumbnail?id=1zq6Bw_OCC7-DDYpLM0-C7c_ZREZk5Ekp&sz=w1600","1zq6Bw_OCC7-DDYpLM0-C7c_ZREZk5Ekp"
"11","День 10 - Halifax","11 - День 10 - Галифакс","21","21","212","691","IMG_4752.JPG","11 - День 10 - Галифакс/21_IMG_4752.JPG","downloaded","2048","1152","260315","f644b7106bca2f173d18267eeb6cd5baeb13b9fb1d92584728fda54aec99afda","https://lh4.googleusercontent.com/-v4DTBMivsn0/VAUmKp0vivI/AAAAAAAAGaI/ovv2ou1eAs4/w1026-h577-no/IMG_4752.JPG","https://lh4.googleusercontent.com/-v4DTBMivsn0/VAUmKp0vivI/AAAAAAAAGaI/ovv2ou1eAs4/d/IMG_4752.JPG","https://drive.google.com/thumbnail?id=1xydUi_0sOlKoqr39TAlHpcrFH82zG8e2&sz=w1600","1xydUi_0sOlKoqr39TAlHpcrFH82zG8e2"
"11","День 10 - Halifax","11 - День 10 - Галифакс","22","22","213","693","IMG_4768.JPG","11 - День 10 - Галифакс/22_IMG_4768.JPG","downloaded","1152","2048","242177","030a2d702c34edd2d88bd380129475466845f076830166944c91fdad987a2a24","https://lh3.googleusercontent.com/-JgZ8iJoWSBc/VAUmWgRh7oI/AAAAAAAAGag/WvpZ3GJMahc/w325-h577-no/IMG_4768.JPG","https://lh3.googleusercontent.com/-JgZ8iJoWSBc/VAUmWgRh7oI/AAAAAAAAGag/WvpZ3GJMahc/d/IMG_4768.JPG","https://drive.google.com/thumbnail?id=1MTUwo8KOhfRHmNpuJyx2jefvFXFZrwTu&sz=w1600","1MTUwo8KOhfRHmNpuJyx2jefvFXFZrwTu"
"11","День 10 - Halifax","11 - День 10 - Галифакс","23","23","214","697","IMG_4796.JPG","11 - День 10 - Галифакс/23_IMG_4796.JPG","downloaded","2048","1152","678451","d969eaa481cb0fe2670ef49d588d64a2ea30e53039f5b136b7f3348f76aa5a9b","https://lh4.googleusercontent.com/-lRrAAsgfJlw/VAUmv0YGPbI/AAAAAAAAGbM/iSlAQt-qYIs/w1026-h577-no/IMG_4796.JPG","https://lh4.googleusercontent.com/-lRrAAsgfJlw/VAUmv0YGPbI/AAAAAAAAGbM/iSlAQt-qYIs/d/IMG_4796.JPG","https://drive.google.com/thumbnail?id=10rl25v-Pg1v3fZ7DAjcoMLq0i_EZQ7ED&sz=w1600","10rl25v-Pg1v3fZ7DAjcoMLq0i_EZQ7ED"
"11","День 10 - Halifax","11 - День 10 - Галифакс","24","24","215","699","IMG_4789.JPG","11 - День 10 - Галифакс/24_IMG_4789.JPG","downloaded","2048","1152","669169","27c281760bbf48cb2a9097fa4a6466080ff21340baa4121a3053ed4a300b9a5b","https://lh3.googleusercontent.com/-kR1Tnm5UuHg/VAUmuNAaCoI/AAAAAAAAGbA/qZbM5NC8Cug/w1026-h577-no/IMG_4789.JPG","https://lh3.googleusercontent.com/-kR1Tnm5UuHg/VAUmuNAaCoI/AAAAAAAAGbA/qZbM5NC8Cug/d/IMG_4789.JPG","https://drive.google.com/thumbnail?id=1uvA3IgErUDVRNsw4uRSFigzCv2jlXxnx&sz=w1600","1uvA3IgErUDVRNsw4uRSFigzCv2jlXxnx"
"11","День 10 - Halifax","11 - День 10 - Галифакс","25","25","216","701","IMG_4792.JPG","11 - День 10 - Галифакс/25_IMG_4792.JPG","downloaded","2048","1152","740663","89531f3ad220d834be7b6680f2356f319fdd13939bda4000595b171385b599cf","https://lh5.googleusercontent.com/-5ZiQinKycIA/VAUmwG38gEI/AAAAAAAAGbQ/bs8BE1bBitE/w1026-h577-no/IMG_4792.JPG","https://lh5.googleusercontent.com/-5ZiQinKycIA/VAUmwG38gEI/AAAAAAAAGbQ/bs8BE1bBitE/d/IMG_4792.JPG","https://drive.google.com/thumbnail?id=1vTlx39lpvM0qEn_fyPV_q9ppCWbtF6XJ&sz=w1600","1vTlx39lpvM0qEn_fyPV_q9ppCWbtF6XJ"
"11","День 10 - Halifax","11 - День 10 - Галифакс","26","26","217","703","IMG_4787.JPG","11 - День 10 - Галифакс/26_IMG_4787.JPG","downloaded","1152","2048","638775","a2869ce4f30489ce3cddbfc9b4121c84bb70d225a4857f6cf73c6bfba0ac1864","https://lh6.googleusercontent.com/-8msaDGnqDjo/VAUmjsQMLaI/AAAAAAAAGa4/OjMvPA2w4Zg/w325-h577-no/IMG_4787.JPG","https://lh6.googleusercontent.com/-8msaDGnqDjo/VAUmjsQMLaI/AAAAAAAAGa4/OjMvPA2w4Zg/d/IMG_4787.JPG","https://drive.google.com/thumbnail?id=1YhA5BA3oRKQjAvyfHYfZTQ43aGqAVFvx&sz=w1600","1YhA5BA3oRKQjAvyfHYfZTQ43aGqAVFvx"
"12","День 11 - Lunenburg, Peggy’s Cove, Halifax Citadel","12 - День 11 - Луненберг, Пеггис-Ков, Цитадель Галифакса","1","1","218","710","IMG_4802.JPG","12 - День 11 - Луненберг, Пеггис-Ков, Цитадель Галифакса/01_IMG_4802.JPG","downloaded","2048","1152","393632","066bb407ba7a1351e27dac112527b896bf16995d6bd894466c20f72a09fa7cf7","https://lh4.googleusercontent.com/-JQO2X4KrX38/VAUn-hXXY7I/AAAAAAAAGbw/t8-woTE6OYc/w1026-h577-no/IMG_4802.JPG","https://lh4.googleusercontent.com/-JQO2X4KrX38/VAUn-hXXY7I/AAAAAAAAGbw/t8-woTE6OYc/d/IMG_4802.JPG","https://drive.google.com/thumbnail?id=1CGaxUMEM0t7uDi3JzdIb8sPSfC4byha9&sz=w1600","1CGaxUMEM0t7uDi3JzdIb8sPSfC4byha9"
"12","День 11 - Lunenburg, Peggy’s Cove, Halifax Citadel","12 - День 11 - Луненберг, Пеггис-Ков, Цитадель Галифакса","2","2","219","716","IMG_4803.JPG","12 - День 11 - Луненберг, Пеггис-Ков, Цитадель Галифакса/02_IMG_4803.JPG","downloaded","2048","1152","320234","f078d5509f08c9b4ebe9872c1d8e0ac587b127fb9b37189d3e3ecf4858242715","https://lh5.googleusercontent.com/-fhGf2TuHCSA/VAUoHTy59MI/AAAAAAAAGb4/wNShYAfvj-I/w1026-h577-no/IMG_4803.JPG","https://lh5.googleusercontent.com/-fhGf2TuHCSA/VAUoHTy59MI/AAAAAAAAGb4/wNShYAfvj-I/d/IMG_4803.JPG","https://drive.google.com/thumbnail?id=17LPEG1NRd8xnlmT1Mc6Y_ou0msDcyB4t&sz=w1600","17LPEG1NRd8xnlmT1Mc6Y_ou0msDcyB4t"
"12","День 11 - Lunenburg, Peggy’s Cove, Halifax Citadel","12 - День 11 - Луненберг, Пеггис-Ков, Цитадель Галифакса","3","3","220","718","IMG_4806.JPG","12 - День 11 - Луненберг, Пеггис-Ков, Цитадель Галифакса/03_IMG_4806.JPG","downloaded","1152","2048","429791","8520d6f30f974b4fd8441c64882e4de0db54b30a92ccbc8c384d092f388aa4e3","https://lh3.googleusercontent.com/-qFyoqM3tv8M/VAUoQyxYCvI/AAAAAAAAGcA/Na6rnUFuyuM/w325-h577-no/IMG_4806.JPG","https://lh3.googleusercontent.com/-qFyoqM3tv8M/VAUoQyxYCvI/AAAAAAAAGcA/Na6rnUFuyuM/d/IMG_4806.JPG","https://drive.google.com/thumbnail?id=1-5O1ozg7VMUjas-VEpNrWnlcVRBjEGzv&sz=w1600","1-5O1ozg7VMUjas-VEpNrWnlcVRBjEGzv"
"12","День 11 - Lunenburg, Peggy’s Cove, Halifax Citadel","12 - День 11 - Луненберг, Пеггис-Ков, Цитадель Галифакса","4","4","221","720","IMG_4819.JPG","12 - День 11 - Луненберг, Пеггис-Ков, Цитадель Галифакса/04_IMG_4819.JPG","downloaded","2048","1152","595961","68df1e96a6ba6f787525e790ebbe4c86bde16843db3ff2fcdad0610e2cc51585","https://lh3.googleusercontent.com/-0A3shKSdwu8/VAUovPhiM4I/AAAAAAAAGcg/O-tE190XrxU/w1026-h577-no/IMG_4819.JPG","https://lh3.googleusercontent.com/-0A3shKSdwu8/VAUovPhiM4I/AAAAAAAAGcg/O-tE190XrxU/d/IMG_4819.JPG","https://drive.google.com/thumbnail?id=1KLx6DO2HflXwPQf_pYacs3CSMIl8xwjC&sz=w1600","1KLx6DO2HflXwPQf_pYacs3CSMIl8xwjC"
"12","День 11 - Lunenburg, Peggy’s Cove, Halifax Citadel","12 - День 11 - Луненберг, Пеггис-Ков, Цитадель Галифакса","5","5","222","724","IMG_4809.JPG","12 - День 11 - Луненберг, Пеггис-Ков, Цитадель Галифакса/05_IMG_4809.JPG","downloaded","1152","2048","375854","6a9c116255ddfc77ca87c2d1786989af3c3639ee0361dcbe66ac49d2b8ad1c38","https://lh6.googleusercontent.com/-4fYQd3IDtIk/VAUocdxJnFI/AAAAAAAAGcM/LVPnaDEms-E/w325-h577-no/IMG_4809.JPG","https://lh6.googleusercontent.com/-4fYQd3IDtIk/VAUocdxJnFI/AAAAAAAAGcM/LVPnaDEms-E/d/IMG_4809.JPG","https://drive.google.com/thumbnail?id=1TqLJcuMqkzVDk4lEPPzcRAfIg2x07EMw&sz=w1600","1TqLJcuMqkzVDk4lEPPzcRAfIg2x07EMw"
"12","День 11 - Lunenburg, Peggy’s Cove, Halifax Citadel","12 - День 11 - Луненберг, Пеггис-Ков, Цитадель Галифакса","6","6","223","726","IMG_4810.JPG","12 - День 11 - Луненберг, Пеггис-Ков, Цитадель Галифакса/06_IMG_4810.JPG","downloaded","2048","1152","290562","43eed1ad341821b85d1318132b24e72ff9af4eda2d0684482d88ba1cdf4948f4","https://lh5.googleusercontent.com/-LssBn96Rz6A/VAUocvyAquI/AAAAAAAAGcQ/xHAgmTwRnXU/w1026-h577-no/IMG_4810.JPG","https://lh5.googleusercontent.com/-LssBn96Rz6A/VAUocvyAquI/AAAAAAAAGcQ/xHAgmTwRnXU/d/IMG_4810.JPG","https://drive.google.com/thumbnail?id=1UjhKZP7vS-QEebH3Sj7DU03nOE5Z3YCM&sz=w1600","1UjhKZP7vS-QEebH3Sj7DU03nOE5Z3YCM"
"12","День 11 - Lunenburg, Peggy’s Cove, Halifax Citadel","12 - День 11 - Луненберг, Пеггис-Ков, Цитадель Галифакса","7","7","224","730","IMG_4821.JPG","12 - День 11 - Луненберг, Пеггис-Ков, Цитадель Галифакса/07_IMG_4821.JPG","downloaded","1152","2048","250610","7443c6e70bd697dc0b5b9397ba2e974fe6061b6ec6450d754b572412f71f9d0f","https://lh6.googleusercontent.com/-KHmfBYq_5Mk/VAUoyHam5sI/AAAAAAAAGco/ipRMPQezxmE/w325-h577-no/IMG_4821.JPG","https://lh6.googleusercontent.com/-KHmfBYq_5Mk/VAUoyHam5sI/AAAAAAAAGco/ipRMPQezxmE/d/IMG_4821.JPG","https://drive.google.com/thumbnail?id=1cCt7e9AgPeKXgAtEqrqN-YdNoxj4y4zi&sz=w1600","1cCt7e9AgPeKXgAtEqrqN-YdNoxj4y4zi"
"12","День 11 - Lunenburg, Peggy’s Cove, Halifax Citadel","12 - День 11 - Луненберг, Пеггис-Ков, Цитадель Галифакса","8","8","225","734","IMG_4818.JPG","12 - День 11 - Луненберг, Пеггис-Ков, Цитадель Галифакса/08_IMG_4818.JPG","downloaded","2048","1152","500527","8506ca69225ae2ecd3dc58fc63f77146a35b9245e1eaae67cb2470c92232c6f6","https://lh6.googleusercontent.com/-uZC--d-Ja7g/VAUor5l-TMI/AAAAAAAAGcY/5MWxZyYZCnk/w1026-h577-no/IMG_4818.JPG","https://lh6.googleusercontent.com/-uZC--d-Ja7g/VAUor5l-TMI/AAAAAAAAGcY/5MWxZyYZCnk/d/IMG_4818.JPG","https://drive.google.com/thumbnail?id=1M3YhaGeHmvM_9vlQjVDWnW-IXlRaLvRa&sz=w1600","1M3YhaGeHmvM_9vlQjVDWnW-IXlRaLvRa"
"12","День 11 - Lunenburg, Peggy’s Cove, Halifax Citadel","12 - День 11 - Луненберг, Пеггис-Ков, Цитадель Галифакса","9","9","226","738","IMG_4822.JPG","12 - День 11 - Луненберг, Пеггис-Ков, Цитадель Галифакса/09_IMG_4822.JPG","downloaded","2048","1152","220882","d13f6486ff582579e11a53e0ffe4a9caf53e58d717834194b5b9b27d1e758608","https://lh5.googleusercontent.com/-8zKhE6GRdvY/VAkDZE7UqzI/AAAAAAAAGos/kU1fTum2rMQ/w1026-h577-no/IMG_4822.JPG","https://lh5.googleusercontent.com/-8zKhE6GRdvY/VAkDZE7UqzI/AAAAAAAAGos/kU1fTum2rMQ/d/IMG_4822.JPG","https://drive.google.com/thumbnail?id=16CeB6PbUjjE2VqwmHD0M2GhE6lJ-AVLL&sz=w1600","16CeB6PbUjjE2VqwmHD0M2GhE6lJ-AVLL"
"12","День 11 - Lunenburg, Peggy’s Cove, Halifax Citadel","12 - День 11 - Луненберг, Пеггис-Ков, Цитадель Галифакса","10","10","227","743","IMG_4830.JPG","12 - День 11 - Луненберг, Пеггис-Ков, Цитадель Галифакса/10_IMG_4830.JPG","downloaded","2048","1152","432111","49efc8d4137e56bd057521b66d9b53e15cee7a10a8505ae1c5359aa209e3c09c","https://lh4.googleusercontent.com/-KyyGR8K6rII/VAUpE1g8GmI/AAAAAAAAGdQ/cbMG03dIug8/w1026-h577-no/IMG_4830.JPG","https://lh4.googleusercontent.com/-KyyGR8K6rII/VAUpE1g8GmI/AAAAAAAAGdQ/cbMG03dIug8/d/IMG_4830.JPG","https://drive.google.com/thumbnail?id=18jIaARoWn8Hbz2Gmuz9ZnUe1-u_pByoU&sz=w1600","18jIaARoWn8Hbz2Gmuz9ZnUe1-u_pByoU"
"12","День 11 - Lunenburg, Peggy’s Cove, Halifax Citadel","12 - День 11 - Луненберг, Пеггис-Ков, Цитадель Галифакса","11","11","228","745","IMG_4831.JPG","12 - День 11 - Луненберг, Пеггис-Ков, Цитадель Галифакса/11_IMG_4831.JPG","downloaded","1152","2048","431331","303cf2d83f91ecacc26411871e0a37c395c19c30bfdd3009b5d893599c427152","https://lh4.googleusercontent.com/-2n18-K3b5U0/VAUpEyL1cuI/AAAAAAAAGdM/oMxlIXFpba0/w325-h577-no/IMG_4831.JPG","https://lh4.googleusercontent.com/-2n18-K3b5U0/VAUpEyL1cuI/AAAAAAAAGdM/oMxlIXFpba0/d/IMG_4831.JPG","https://drive.google.com/thumbnail?id=1P8cMJMHJoO6g_scKhN7PHQ-m5rjIF2Kh&sz=w1600","1P8cMJMHJoO6g_scKhN7PHQ-m5rjIF2Kh"
"12","День 11 - Lunenburg, Peggy’s Cove, Halifax Citadel","12 - День 11 - Луненберг, Пеггис-Ков, Цитадель Галифакса","12","12","229","749","IMG_4858.JPG","12 - День 11 - Луненберг, Пеггис-Ков, Цитадель Галифакса/12_IMG_4858.JPG","downloaded","2048","1152","475136","befcef29876a6032315a11c93aa77f0d4c0dc80417ca670d4d7e05347b2069d9","https://lh4.googleusercontent.com/-AlTmkFsGVU0/VAUpqqMNj9I/AAAAAAAAGdw/lXkJtDIC8Ms/w1026-h577-no/IMG_4858.JPG","https://lh4.googleusercontent.com/-AlTmkFsGVU0/VAUpqqMNj9I/AAAAAAAAGdw/lXkJtDIC8Ms/d/IMG_4858.JPG","https://drive.google.com/thumbnail?id=18f9GGL_I1eQM5ljaBSKql-xjET-wHo5R&sz=w1600","18f9GGL_I1eQM5ljaBSKql-xjET-wHo5R"
"12","День 11 - Lunenburg, Peggy’s Cove, Halifax Citadel","12 - День 11 - Луненберг, Пеггис-Ков, Цитадель Галифакса","13","13","230","753","IMG_4828.JPG","12 - День 11 - Луненберг, Пеггис-Ков, Цитадель Галифакса/13_IMG_4828.JPG","downloaded","2048","1152","316386","9128c6f8e93f0fdf3a3eee6e98e9cefab3a0d00a1ceabbde0bdaf442964e4179","https://lh3.googleusercontent.com/-xZnuU3ypXrs/VAUo7foJvEI/AAAAAAAAGc4/Svm2sPpYbs0/w1026-h577-no/IMG_4828.JPG","https://lh3.googleusercontent.com/-xZnuU3ypXrs/VAUo7foJvEI/AAAAAAAAGc4/Svm2sPpYbs0/d/IMG_4828.JPG","https://drive.google.com/thumbnail?id=1_l3messhaYG6PBjk8ZhblUmLTyjnTaM8&sz=w1600","1_l3messhaYG6PBjk8ZhblUmLTyjnTaM8"
"12","День 11 - Lunenburg, Peggy’s Cove, Halifax Citadel","12 - День 11 - Луненберг, Пеггис-Ков, Цитадель Галифакса","14","14","231","757","IMG_4825.JPG","12 - День 11 - Луненберг, Пеггис-Ков, Цитадель Галифакса/14_IMG_4825.JPG","downloaded","2048","1152","520216","39972a8bc7fd66155b6fd57118fd9404145577153077ee75557c99a5a0d95eb8","https://lh5.googleusercontent.com/-d91CIj62iRo/VAUo4LqS0cI/AAAAAAAAGcw/LmSFiKSduOA/w1026-h577-no/IMG_4825.JPG","https://lh5.googleusercontent.com/-d91CIj62iRo/VAUo4LqS0cI/AAAAAAAAGcw/LmSFiKSduOA/d/IMG_4825.JPG","https://drive.google.com/thumbnail?id=1l_yTSDLV5SNaoTcmj4LTf4Z2__qJ5FGx&sz=w1600","1l_yTSDLV5SNaoTcmj4LTf4Z2__qJ5FGx"
"12","День 11 - Lunenburg, Peggy’s Cove, Halifax Citadel","12 - День 11 - Луненберг, Пеггис-Ков, Цитадель Галифакса","15","15","232","761","IMG_4829.JPG","12 - День 11 - Луненберг, Пеггис-Ков, Цитадель Галифакса/15_IMG_4829.JPG","downloaded","2048","1152","457974","df6fce8f1eb7d5fc46ba0c2331aaad6d34d864c9c3e7442daae9edf87fbfcaa0","https://lh4.googleusercontent.com/-q85-hsA_gl8/VAUpEe86fEI/AAAAAAAAGdI/4FdnSBHUb-g/w1026-h577-no/IMG_4829.JPG","https://lh4.googleusercontent.com/-q85-hsA_gl8/VAUpEe86fEI/AAAAAAAAGdI/4FdnSBHUb-g/d/IMG_4829.JPG","https://drive.google.com/thumbnail?id=1KOeSoqm-6OB4gSMOq8RC-62-8GIxZL4e&sz=w1600","1KOeSoqm-6OB4gSMOq8RC-62-8GIxZL4e"
"12","День 11 - Lunenburg, Peggy’s Cove, Halifax Citadel","12 - День 11 - Луненберг, Пеггис-Ков, Цитадель Галифакса","16","16","233","765","IMG_4834.JPG","12 - День 11 - Луненберг, Пеггис-Ков, Цитадель Галифакса/16_IMG_4834.JPG","downloaded","2048","1152","498973","1ba3b41c5ea80689e89133622b0e7b3662b7d8430dc9a67ea203306ada2e7423","https://lh3.googleusercontent.com/-J9baOaeJaIg/VAUpHtaOHeI/AAAAAAAAGdY/b_D-gV1NYGA/w1026-h577-no/IMG_4834.JPG","https://lh3.googleusercontent.com/-J9baOaeJaIg/VAUpHtaOHeI/AAAAAAAAGdY/b_D-gV1NYGA/d/IMG_4834.JPG","https://drive.google.com/thumbnail?id=1wxD6-TCMI5_pquvw8d-6qOvK-ZicKGYl&sz=w1600","1wxD6-TCMI5_pquvw8d-6qOvK-ZicKGYl"
"12","День 11 - Lunenburg, Peggy’s Cove, Halifax Citadel","12 - День 11 - Луненберг, Пеггис-Ков, Цитадель Галифакса","17","17","234","771","IMG_4835.JPG","12 - День 11 - Луненберг, Пеггис-Ков, Цитадель Галифакса/17_IMG_4835.JPG","downloaded","1152","2048","430381","993267ca18ae3a48023afa8fa642f0c3ba96dc9362dc2bd1b60359e6d931bfaf","https://lh5.googleusercontent.com/-ujwbdfprV2M/VAUpNwsKI3I/AAAAAAAAGdg/yVeQgLNO0pk/w325-h577-no/IMG_4835.JPG","https://lh5.googleusercontent.com/-ujwbdfprV2M/VAUpNwsKI3I/AAAAAAAAGdg/yVeQgLNO0pk/d/IMG_4835.JPG","https://drive.google.com/thumbnail?id=1Nn4xFugjZD6YJ775lXOt4ZYsPfJl6k7c&sz=w1600","1Nn4xFugjZD6YJ775lXOt4ZYsPfJl6k7c"
"12","День 11 - Lunenburg, Peggy’s Cove, Halifax Citadel","12 - День 11 - Луненберг, Пеггис-Ков, Цитадель Галифакса","18","18","235","775","IMG_4845.JPG","12 - День 11 - Луненберг, Пеггис-Ков, Цитадель Галифакса/18_IMG_4845.JPG","downloaded","2048","1152","498884","290e5bcf36f4fca7e419738801275bb12bf8d1e3fb97af98f09b5899ed19f752","https://lh6.googleusercontent.com/-GtlR5GvEv3k/VAkF6oTTwuI/AAAAAAAAGpA/my5I_MIyHFk/w1026-h577-no/IMG_4845.JPG","https://lh6.googleusercontent.com/-GtlR5GvEv3k/VAkF6oTTwuI/AAAAAAAAGpA/my5I_MIyHFk/d/IMG_4845.JPG","https://drive.google.com/thumbnail?id=1hQYgurPsQyDTKTMbzCEI5C7Dtv-BA2pg&sz=w1600","1hQYgurPsQyDTKTMbzCEI5C7Dtv-BA2pg"
"12","День 11 - Lunenburg, Peggy’s Cove, Halifax Citadel","12 - День 11 - Луненберг, Пеггис-Ков, Цитадель Галифакса","19","19","236","777","IMG_4838.JPG","12 - День 11 - Луненберг, Пеггис-Ков, Цитадель Галифакса/19_IMG_4838.JPG","downloaded","2048","1152","380064","f6644125628d6723fe4d6527dcf9612ec5b7d5e30063b75aa4679b5c1799389d","https://lh6.googleusercontent.com/-oLAg1LVHJgc/VAUpZiFrPaI/AAAAAAAAGdo/YZASdjojA1M/w1026-h577-no/IMG_4838.JPG","https://lh6.googleusercontent.com/-oLAg1LVHJgc/VAUpZiFrPaI/AAAAAAAAGdo/YZASdjojA1M/d/IMG_4838.JPG","https://drive.google.com/thumbnail?id=148wCZ4ADn5b-7cCASx53mxPLIkdSnY_9&sz=w1600","148wCZ4ADn5b-7cCASx53mxPLIkdSnY_9"
"12","День 11 - Lunenburg, Peggy’s Cove, Halifax Citadel","12 - День 11 - Луненберг, Пеггис-Ков, Цитадель Галифакса","20","20","237","782","IMG_4857.JPG","12 - День 11 - Луненберг, Пеггис-Ков, Цитадель Галифакса/20_IMG_4857.JPG","downloaded","2048","1152","545687","308bdc20ec94f2e9d4b70385c0cf2f8fe64f9079e85e834e306633247cb65d5d","https://lh3.googleusercontent.com/-CxGsF0m2Ldw/VAUprdkRM-I/AAAAAAAAGd4/r1itkS_kc-o/w1026-h577-no/IMG_4857.JPG","https://lh3.googleusercontent.com/-CxGsF0m2Ldw/VAUprdkRM-I/AAAAAAAAGd4/r1itkS_kc-o/d/IMG_4857.JPG","https://drive.google.com/thumbnail?id=1_jp0sseyeKDWKkVw8y-A65plEy5Cl8hF&sz=w1600","1_jp0sseyeKDWKkVw8y-A65plEy5Cl8hF"
"12","День 11 - Lunenburg, Peggy’s Cove, Halifax Citadel","12 - День 11 - Луненберг, Пеггис-Ков, Цитадель Галифакса","21","21","238","787","IMG_4859.JPG","12 - День 11 - Луненберг, Пеггис-Ков, Цитадель Галифакса/21_IMG_4859.JPG","downloaded","2048","1152","354921","529bb600be309f679db32237934f934f6bbee71058cf3f17c88705e488108465","https://lh6.googleusercontent.com/-ZgR_R2-m-y0/VAUp4xo4K5I/AAAAAAAAGeA/Z90tspLy2mI/w1026-h577-no/IMG_4859.JPG","https://lh6.googleusercontent.com/-ZgR_R2-m-y0/VAUp4xo4K5I/AAAAAAAAGeA/Z90tspLy2mI/d/IMG_4859.JPG","https://drive.google.com/thumbnail?id=1tB4nXV4ksLqgwTFbjiNGEWWoP7XpoTCu&sz=w1600","1tB4nXV4ksLqgwTFbjiNGEWWoP7XpoTCu"
"12","День 11 - Lunenburg, Peggy’s Cove, Halifax Citadel","12 - День 11 - Луненберг, Пеггис-Ков, Цитадель Галифакса","22","22","239","791","IMG_4863.JPG","12 - День 11 - Луненберг, Пеггис-Ков, Цитадель Галифакса/22_IMG_4863.JPG","downloaded","2048","1152","284417","31a5b3559c682bcea96763a0d0d746e7e05946a2f2ced04e3a32924032ed442b","https://lh6.googleusercontent.com/-Pnb4aUibNOs/VAUqKI516yI/AAAAAAAAGeQ/UKrrTJ-vFbk/w1026-h577-no/IMG_4863.JPG","https://lh6.googleusercontent.com/-Pnb4aUibNOs/VAUqKI516yI/AAAAAAAAGeQ/UKrrTJ-vFbk/d/IMG_4863.JPG","https://drive.google.com/thumbnail?id=1DWKx6FkCnr09lTsf9z4QzPCzdWFQRlHL&sz=w1600","1DWKx6FkCnr09lTsf9z4QzPCzdWFQRlHL"
"12","День 11 - Lunenburg, Peggy’s Cove, Halifax Citadel","12 - День 11 - Луненберг, Пеггис-Ков, Цитадель Галифакса","23","23","240","793","IMG_4876.JPG","12 - День 11 - Луненберг, Пеггис-Ков, Цитадель Галифакса/23_IMG_4876.JPG","downloaded","2048","1152","436128","c95fe8c02e7547f660dd4a59c8637f92d621ddefbcaccc5efdd23e4239b51a6a","https://lh6.googleusercontent.com/-WA30wDoh_ms/VAUqYOcNaiI/AAAAAAAAGeg/7H4hLFJUgkY/w1026-h577-no/IMG_4876.JPG","https://lh6.googleusercontent.com/-WA30wDoh_ms/VAUqYOcNaiI/AAAAAAAAGeg/7H4hLFJUgkY/d/IMG_4876.JPG","https://drive.google.com/thumbnail?id=1-SKfAZu_zqTCGGcvLE7RPXM1ekKYUTdl&sz=w1600","1-SKfAZu_zqTCGGcvLE7RPXM1ekKYUTdl"
"12","День 11 - Lunenburg, Peggy’s Cove, Halifax Citadel","12 - День 11 - Луненберг, Пеггис-Ков, Цитадель Галифакса","24","24","241","795","IMG_4880.JPG","12 - День 11 - Луненберг, Пеггис-Ков, Цитадель Галифакса/24_IMG_4880.JPG","downloaded","2048","1152","602632","d65943039f960ac61cddabf0706c9e0b90394bf5e6421a06ea8aa03a1d10de99","https://lh3.googleusercontent.com/-_7O6F10yjRU/VAUqb3q71wI/AAAAAAAAGeo/mzb7-2jaQ0s/w1026-h577-no/IMG_4880.JPG","https://lh3.googleusercontent.com/-_7O6F10yjRU/VAUqb3q71wI/AAAAAAAAGeo/mzb7-2jaQ0s/d/IMG_4880.JPG","https://drive.google.com/thumbnail?id=1h1rvlvhsjxNMD9HPsxCqtFmr42GigDMN&sz=w1600","1h1rvlvhsjxNMD9HPsxCqtFmr42GigDMN"
"12","День 11 - Lunenburg, Peggy’s Cove, Halifax Citadel","12 - День 11 - Луненберг, Пеггис-Ков, Цитадель Галифакса","25","25","242","797","IMG_4896.JPG","12 - День 11 - Луненберг, Пеггис-Ков, Цитадель Галифакса/25_IMG_4896.JPG","downloaded","2048","1152","687456","2e80dc230bdfebc8d2db5e0bf78eb7bc6e715727158a59015a28da4d6936525d","https://lh5.googleusercontent.com/-mSb4qvKCKf8/VAUqpYetPaI/AAAAAAAAGe4/ETcc-4WWzPI/w1026-h577-no/IMG_4896.JPG","https://lh5.googleusercontent.com/-mSb4qvKCKf8/VAUqpYetPaI/AAAAAAAAGe4/ETcc-4WWzPI/d/IMG_4896.JPG","https://drive.google.com/thumbnail?id=1hIIwGRq7mVjgLB6JzVgw0wKCeh2mgF_T&sz=w1600","1hIIwGRq7mVjgLB6JzVgw0wKCeh2mgF_T"
"12","День 11 - Lunenburg, Peggy’s Cove, Halifax Citadel","12 - День 11 - Луненберг, Пеггис-Ков, Цитадель Галифакса","26","26","243","799","IMG_4900.JPG","12 - День 11 - Луненберг, Пеггис-Ков, Цитадель Галифакса/26_IMG_4900.JPG","downloaded","2048","1152","332539","c6d779794c263bf47493bd6fe47a86332a4134ed8f8e5c009a18f6ec349a8b3a","https://lh5.googleusercontent.com/-OBs7_inIK40/VAUqym5YVpI/AAAAAAAAGfA/XcR0k1vpWbo/w1026-h577-no/IMG_4900.JPG","https://lh5.googleusercontent.com/-OBs7_inIK40/VAUqym5YVpI/AAAAAAAAGfA/XcR0k1vpWbo/d/IMG_4900.JPG","https://drive.google.com/thumbnail?id=1a579BiDX4ER_9vnbIRU7dcBzRlFDG8Uv&sz=w1600","1a579BiDX4ER_9vnbIRU7dcBzRlFDG8Uv"
"12","День 11 - Lunenburg, Peggy’s Cove, Halifax Citadel","12 - День 11 - Луненберг, Пеггис-Ков, Цитадель Галифакса","27","27","244","803","IMG_4905.JPG","12 - День 11 - Луненберг, Пеггис-Ков, Цитадель Галифакса/27_IMG_4905.JPG","downloaded","1152","2048","547432","6ead14242df097a5a3e269be1471609096729ba2ea0b3932e36e473b6d16b70a","https://lh6.googleusercontent.com/-QrYi-SDybts/VAUrHL4G5pI/AAAAAAAAGfQ/ByNYIdzkgbs/w325-h577-no/IMG_4905.JPG","https://lh6.googleusercontent.com/-QrYi-SDybts/VAUrHL4G5pI/AAAAAAAAGfQ/ByNYIdzkgbs/d/IMG_4905.JPG","https://drive.google.com/thumbnail?id=1_MoCSMJA3FD4hwlbQnNb7OyC0Ip2x3tk&sz=w1600","1_MoCSMJA3FD4hwlbQnNb7OyC0Ip2x3tk"
"12","День 11 - Lunenburg, Peggy’s Cove, Halifax Citadel","12 - День 11 - Луненберг, Пеггис-Ков, Цитадель Галифакса","28","28","245","805","IMG_4906.JPG","12 - День 11 - Луненберг, Пеггис-Ков, Цитадель Галифакса/28_IMG_4906.JPG","downloaded","2048","1152","591837","5e999ea62c29c99344cb10b1d527395bda5c2c1e1db5832d2151dc610416b897","https://lh4.googleusercontent.com/-rUAYtRP_NVU/VAUrH6QY3iI/AAAAAAAAGfc/HYGmNM3K4ug/w1026-h577-no/IMG_4906.JPG","https://lh4.googleusercontent.com/-rUAYtRP_NVU/VAUrH6QY3iI/AAAAAAAAGfc/HYGmNM3K4ug/d/IMG_4906.JPG","https://drive.google.com/thumbnail?id=1yy0ZqKAa4cuR7smjRa0hF09g8TELukpX&sz=w1600","1yy0ZqKAa4cuR7smjRa0hF09g8TELukpX"
"12","День 11 - Lunenburg, Peggy’s Cove, Halifax Citadel","12 - День 11 - Луненберг, Пеггис-Ков, Цитадель Галифакса","29","29","246","809","IMG_4910.JPG","12 - День 11 - Луненберг, Пеггис-Ков, Цитадель Галифакса/29_IMG_4910.JPG","downloaded","2048","1152","187809","b30f85deb1f5d3ba4a5727ed6e697e3b63adbd2f89657800fe22f8577308664a","https://lh6.googleusercontent.com/-v0OTdpLSCqI/VAUrEvMFYSI/AAAAAAAAGfI/eGour18k-Jk/w1026-h577-no/IMG_4910.JPG","https://lh6.googleusercontent.com/-v0OTdpLSCqI/VAUrEvMFYSI/AAAAAAAAGfI/eGour18k-Jk/d/IMG_4910.JPG","https://drive.google.com/thumbnail?id=1jbCHjmO_dEVq9Oq5q9Sj_4fLtAyZvvoN&sz=w1600","1jbCHjmO_dEVq9Oq5q9Sj_4fLtAyZvvoN"
"12","День 11 - Lunenburg, Peggy’s Cove, Halifax Citadel","12 - День 11 - Луненберг, Пеггис-Ков, Цитадель Галифакса","30","30","247","813","IMG_4912.JPG","12 - День 11 - Луненберг, Пеггис-Ков, Цитадель Галифакса/30_IMG_4912.JPG","downloaded","2048","1152","343498","cf07c4a8d0db49a3088c174d9425a8d8603f3638152b0f010d60f490b3fae905","https://lh4.googleusercontent.com/-RC5sBSLuxhQ/VAUrI3Oa0vI/AAAAAAAAGfg/jZUZQgeJxXA/w1026-h577-no/IMG_4912.JPG","https://lh4.googleusercontent.com/-RC5sBSLuxhQ/VAUrI3Oa0vI/AAAAAAAAGfg/jZUZQgeJxXA/d/IMG_4912.JPG","https://drive.google.com/thumbnail?id=1Gysd113FQM8q2vuwP-DdOykMYvtkpsaX&sz=w1600","1Gysd113FQM8q2vuwP-DdOykMYvtkpsaX"
"12","День 11 - Lunenburg, Peggy’s Cove, Halifax Citadel","12 - День 11 - Луненберг, Пеггис-Ков, Цитадель Галифакса","31","31","248","815","IMG_4915.JPG","12 - День 11 - Луненберг, Пеггис-Ков, Цитадель Галифакса/31_IMG_4915.JPG","downloaded","2048","1152","819262","2445f63542d414d13041970b8dbe116a8b5a69a787864087ac6b5fa155696e40","https://lh5.googleusercontent.com/-kQfeED5RbsE/VAUrSM_Sv_I/AAAAAAAAGf4/p1vdp0swodg/w1026-h577-no/IMG_4915.JPG","https://lh5.googleusercontent.com/-kQfeED5RbsE/VAUrSM_Sv_I/AAAAAAAAGf4/p1vdp0swodg/d/IMG_4915.JPG","https://drive.google.com/thumbnail?id=17UFteqnWjnRo9QMy-DokOOj4YidrZXWL&sz=w1600","17UFteqnWjnRo9QMy-DokOOj4YidrZXWL"
"12","День 11 - Lunenburg, Peggy’s Cove, Halifax Citadel","12 - День 11 - Луненберг, Пеггис-Ков, Цитадель Галифакса","32","32","249","817","IMG_4918.JPG","12 - День 11 - Луненберг, Пеггис-Ков, Цитадель Галифакса/32_IMG_4918.JPG","downloaded","2048","1152","282434","5162e0f8aa36f6f4a7bf8f42cde13bb61d59f87da2656d4d3447dc2d07bac617","https://lh3.googleusercontent.com/-VDEaj4-dCPs/VAUrQkKkvSI/AAAAAAAAGfw/imzTegc3tmo/w1026-h577-no/IMG_4918.JPG","https://lh3.googleusercontent.com/-VDEaj4-dCPs/VAUrQkKkvSI/AAAAAAAAGfw/imzTegc3tmo/d/IMG_4918.JPG","https://drive.google.com/thumbnail?id=1lFPccWPx7YWziXZ8hZaU5MHMiKfQdSj0&sz=w1600","1lFPccWPx7YWziXZ8hZaU5MHMiKfQdSj0"
"13","День 12 - Joggins Fossil Cliffs, Shediac","13 - День 12 - Скалы Джоггинс, Шедиак","1","1","250","821","IMG_4928.JPG","13 - День 12 - Скалы Джоггинс, Шедиак/01_IMG_4928.JPG","downloaded","2048","1152","606398","4296e15c1d69d50ec43cf360d12f4a6db47750f868bbc266f95d701b06e0672d","https://lh3.googleusercontent.com/-7StUqweEeTg/VAUvEQ6b8XI/AAAAAAAAGg4/2x6Afho8v7U/w1026-h577-no/IMG_4928.JPG","https://lh3.googleusercontent.com/-7StUqweEeTg/VAUvEQ6b8XI/AAAAAAAAGg4/2x6Afho8v7U/d/IMG_4928.JPG","https://drive.google.com/thumbnail?id=1z9FbIO_5uuJU7bI8IS8Z3gpM_qNt9qWx&sz=w1600","1z9FbIO_5uuJU7bI8IS8Z3gpM_qNt9qWx"
"13","День 12 - Joggins Fossil Cliffs, Shediac","13 - День 12 - Скалы Джоггинс, Шедиак","2","2","251","829","IMG_4921.JPG","13 - День 12 - Скалы Джоггинс, Шедиак/02_IMG_4921.JPG","downloaded","2048","1152","374389","c09a756164989e41ae920e8448703ed0eaa0b04e63855c61984bcd2567a35de0","https://lh3.googleusercontent.com/-H4cz-_RlQhY/VAkUs3QzlvI/AAAAAAAAGpY/PV2aIktEFlQ/w1026-h577-no/IMG_4921.JPG","https://lh3.googleusercontent.com/-H4cz-_RlQhY/VAkUs3QzlvI/AAAAAAAAGpY/PV2aIktEFlQ/d/IMG_4921.JPG","https://drive.google.com/thumbnail?id=1_t2FAlt1YLCFylry00EX3Qj0RZL1utxX&sz=w1600","1_t2FAlt1YLCFylry00EX3Qj0RZL1utxX"
"13","День 12 - Joggins Fossil Cliffs, Shediac","13 - День 12 - Скалы Джоггинс, Шедиак","3","3","252","833","IMG_4919.JPG","13 - День 12 - Скалы Джоггинс, Шедиак/03_IMG_4919.JPG","downloaded","2048","1152","439031","e9c366b10599c68cec954687c6f19f7b36c80db1bd14462b7b989c9dfe785d15","https://lh5.googleusercontent.com/-Otd1QlIdre4/VAUu7UDBwEI/AAAAAAAAGgg/bUFTMHrqDP0/w1026-h577-no/IMG_4919.JPG","https://lh5.googleusercontent.com/-Otd1QlIdre4/VAUu7UDBwEI/AAAAAAAAGgg/bUFTMHrqDP0/d/IMG_4919.JPG","https://drive.google.com/thumbnail?id=1Hbx_g818zoOSJxsgViqhz0gzcAi9MDGD&sz=w1600","1Hbx_g818zoOSJxsgViqhz0gzcAi9MDGD"
"13","День 12 - Joggins Fossil Cliffs, Shediac","13 - День 12 - Скалы Джоггинс, Шедиак","4","4","253","835","IMG_4920.JPG","13 - День 12 - Скалы Джоггинс, Шедиак/04_IMG_4920.JPG","downloaded","2048","1152","337976","0ff745c29ad59159eb419ba856bc5f7ebdf74a5b34e7dcce0702e0b5c097c7c1","https://lh4.googleusercontent.com/-3nlBUgiS_Fc/VAUu-ZUOvUI/AAAAAAAAGgo/ucwg8HQKgy0/w1026-h577-no/IMG_4920.JPG","https://lh4.googleusercontent.com/-3nlBUgiS_Fc/VAUu-ZUOvUI/AAAAAAAAGgo/ucwg8HQKgy0/d/IMG_4920.JPG","https://drive.google.com/thumbnail?id=1PKrb7MzpIc09TG88hdwLdUtP95dJyXLz&sz=w1600","1PKrb7MzpIc09TG88hdwLdUtP95dJyXLz"
"13","День 12 - Joggins Fossil Cliffs, Shediac","13 - День 12 - Скалы Джоггинс, Шедиак","5","5","254","839","IMG_4923.JPG","13 - День 12 - Скалы Джоггинс, Шедиак/05_IMG_4923.JPG","downloaded","2048","1152","781674","4ad249eaa00e1cd2615b6ca2f1634de7c072fcd80702c617e9c85fbaa4c0ce6b","https://lh5.googleusercontent.com/-3JcuuRlZvi0/VAUvB6mlUZI/AAAAAAAAGgw/lM7tEdpsDh0/w1026-h577-no/IMG_4923.JPG","https://lh5.googleusercontent.com/-3JcuuRlZvi0/VAUvB6mlUZI/AAAAAAAAGgw/lM7tEdpsDh0/d/IMG_4923.JPG","https://drive.google.com/thumbnail?id=1dtz9HO6nc-oTrQSi-a_YEsCqukzmsYNh&sz=w1600","1dtz9HO6nc-oTrQSi-a_YEsCqukzmsYNh"
"13","День 12 - Joggins Fossil Cliffs, Shediac","13 - День 12 - Скалы Джоггинс, Шедиак","6","6","255","843","IMG_4934.JPG","13 - День 12 - Скалы Джоггинс, Шедиак/06_IMG_4934.JPG","downloaded","2048","1152","574723","4a9d92c7cc2a6280f9a1a4dd5617eb52c437e8c08d2accadfd4d1cf9a05bdfc2","https://lh3.googleusercontent.com/-r4bJeCLEZns/VAUvKYnhXYI/AAAAAAAAGhE/o97kjQgyyhE/w1026-h577-no/IMG_4934.JPG","https://lh3.googleusercontent.com/-r4bJeCLEZns/VAUvKYnhXYI/AAAAAAAAGhE/o97kjQgyyhE/d/IMG_4934.JPG","https://drive.google.com/thumbnail?id=1BRBz8MWqgTpazcnMB46C-idNmg0L8Ubw&sz=w1600","1BRBz8MWqgTpazcnMB46C-idNmg0L8Ubw"
"13","День 12 - Joggins Fossil Cliffs, Shediac","13 - День 12 - Скалы Джоггинс, Шедиак","7","7","256","845","IMG_4932.JPG","13 - День 12 - Скалы Джоггинс, Шедиак/07_IMG_4932.JPG","downloaded","2048","1152","749408","1155717f8ad3df530d3f1e37b78eeb234eae4167c6f3c542b374e485b846ff94","https://lh4.googleusercontent.com/-ZD6sTKv1y2c/VAUvJ2w-IRI/AAAAAAAAGhI/zPMM5uoUlX0/w1026-h577-no/IMG_4932.JPG","https://lh4.googleusercontent.com/-ZD6sTKv1y2c/VAUvJ2w-IRI/AAAAAAAAGhI/zPMM5uoUlX0/d/IMG_4932.JPG","https://drive.google.com/thumbnail?id=1f_MPcYvwG8kw9XTm4N2mJDSAjbZIQnp9&sz=w1600","1f_MPcYvwG8kw9XTm4N2mJDSAjbZIQnp9"
"13","День 12 - Joggins Fossil Cliffs, Shediac","13 - День 12 - Скалы Джоггинс, Шедиак","8","8","257","847","IMG_4936.JPG","13 - День 12 - Скалы Джоггинс, Шедиак/08_IMG_4936.JPG","downloaded","2048","1152","727635","60d451bd0f87164b18c4d6285295641e8d504291ffd4000f9b9277b16ccf2736","https://lh6.googleusercontent.com/-LRJiSFx87UI/VAUvOJsLDdI/AAAAAAAAGhQ/Kz23Lv1r89U/w1026-h577-no/IMG_4936.JPG","https://lh6.googleusercontent.com/-LRJiSFx87UI/VAUvOJsLDdI/AAAAAAAAGhQ/Kz23Lv1r89U/d/IMG_4936.JPG","https://drive.google.com/thumbnail?id=1YIuzQZ4KrP6qZsW0h5Z6Pq3EBFdlRD6l&sz=w1600","1YIuzQZ4KrP6qZsW0h5Z6Pq3EBFdlRD6l"
"13","День 12 - Joggins Fossil Cliffs, Shediac","13 - День 12 - Скалы Джоггинс, Шедиак","9","9","258","849","IMG_4944.JPG","13 - День 12 - Скалы Джоггинс, Шедиак/09_IMG_4944.JPG","downloaded","2048","2048","1075000","c4d503d5d90224ae02b97571e419a1034ede626bfbf56e18fb34673731b8b583","https://lh6.googleusercontent.com/-yOQy42vvz-U/VAUvSlANnEI/AAAAAAAAGhg/NuN8_xLbAYw/s577-no/IMG_4944.JPG","https://lh6.googleusercontent.com/-yOQy42vvz-U/VAUvSlANnEI/AAAAAAAAGhg/NuN8_xLbAYw/d/IMG_4944.JPG","https://drive.google.com/thumbnail?id=1wXGhuYRa7hbcHSd9Fz20jwiWkHZ616OC&sz=w1600","1wXGhuYRa7hbcHSd9Fz20jwiWkHZ616OC"
"13","День 12 - Joggins Fossil Cliffs, Shediac","13 - День 12 - Скалы Джоггинс, Шедиак","10","10","259","855","10576909_10204045782972331_7555025734096136684_n.jpg","13 - День 12 - Скалы Джоггинс, Шедиак/10_10576909_10204045782972331_7555025734096136684_n.jpg","downloaded","720","540","108279","00a20bc9e5baebe97e585e22e8e431215bc3fe85e766f36e7b10e630e3c2d0ad","https://lh6.googleusercontent.com/-Z83ZlXVMsqY/VAUu3pY3QYI/AAAAAAAAGgU/ogBcYc3GNjE/w720-h540-no/10576909_10204045782972331_7555025734096136684_n.jpg","https://lh6.googleusercontent.com/-Z83ZlXVMsqY/VAUu3pY3QYI/AAAAAAAAGgU/ogBcYc3GNjE/d/10576909_10204045782972331_7555025734096136684_n.jpg","https://drive.google.com/thumbnail?id=1Y2znmeKJOsAzDx7JLTeixa72fB_4eEYT&sz=w1600","1Y2znmeKJOsAzDx7JLTeixa72fB_4eEYT"
"13","День 12 - Joggins Fossil Cliffs, Shediac","13 - День 12 - Скалы Джоггинс, Шедиак","11","11","260","857","10570504_10204045782692324_5125040832322600415_n.jpg","13 - День 12 - Скалы Джоггинс, Шедиак/11_10570504_10204045782692324_5125040832322600415_n.jpg","downloaded","540","720","101297","671b74c60502ce8995a5dd3272add1c1109c6aed2caee57d279851d7659d2d6a","https://lh4.googleusercontent.com/-YVlT1Kylpgc/VAUu3VzxUuI/AAAAAAAAGgY/5Rd3LmkbUKQ/w433-h577-no/10570504_10204045782692324_5125040832322600415_n.jpg","https://lh4.googleusercontent.com/-YVlT1Kylpgc/VAUu3VzxUuI/AAAAAAAAGgY/5Rd3LmkbUKQ/d/10570504_10204045782692324_5125040832322600415_n.jpg","https://drive.google.com/thumbnail?id=1ukmFDSEgpD-xbMEtvu6VmSQ_afcgKy8_&sz=w1600","1ukmFDSEgpD-xbMEtvu6VmSQ_afcgKy8_"
"13","День 12 - Joggins Fossil Cliffs, Shediac","13 - День 12 - Скалы Джоггинс, Шедиак","12","12","261","861","20140813_184242.jpg","13 - День 12 - Скалы Джоггинс, Шедиак/12_20140813_184242.jpg","downloaded","2048","1536","498780","cf71eedd4bf02db2183dd5d75003a8073fc5ef6575384e1f27251ecab855fb30","https://lh6.googleusercontent.com/QEeSo9CT8WQIKRKuivDciiXV5x8d9X9UP9CenQ_LCX0=w769-h577-no","https://lh6.googleusercontent.com/QEeSo9CT8WQIKRKuivDciiXV5x8d9X9UP9CenQ_LCX0=d","https://drive.google.com/thumbnail?id=1bSxFRx864RAdDcFrmOlJ3VBFuQKkvrd6&sz=w1600","1bSxFRx864RAdDcFrmOlJ3VBFuQKkvrd6"
"14","День 13 - NB: Olivier Soapery, Kouchibouguac National Park, Moncton","14 - День 13 - Мыловарня Оливье, Кучибугуак, Монктон","1","1","262","866","IMG_4945.JPG","14 - День 13 - Мыловарня Оливье, Кучибугуак, Монктон/01_IMG_4945.JPG","downloaded","2048","2048","547836","2eb03bf49f60db30bd9421d304d7309cd8a27cb28a53c4ba1ebb23742c664f92","https://lh6.googleusercontent.com/-uT5KkyDWDpc/VAUwemLk5UI/AAAAAAAAGiE/_izwpdBcmWA/s534-no/IMG_4945.JPG","https://lh6.googleusercontent.com/-uT5KkyDWDpc/VAUwemLk5UI/AAAAAAAAGiE/_izwpdBcmWA/d/IMG_4945.JPG","https://drive.google.com/thumbnail?id=11q8Qv7AhLQMjdw9yBO5M6M-ZTyBtwrOZ&sz=w1600","11q8Qv7AhLQMjdw9yBO5M6M-ZTyBtwrOZ"
"14","День 13 - NB: Olivier Soapery, Kouchibouguac National Park, Moncton","14 - День 13 - Мыловарня Оливье, Кучибугуак, Монктон","2","2","263","871","IMG_4946.JPG","14 - День 13 - Мыловарня Оливье, Кучибугуак, Монктон/02_IMG_4946.JPG","downloaded","2048","2048","488290","dcc2f2b8509a8a99cde572b3aa0336f7cede830996c30302e18fcbf1f3e4bdc2","https://lh4.googleusercontent.com/--S_BsC2EPmk/VAUwfEye3jI/AAAAAAAAGiM/W-ZR1pdKorI/s534-no/IMG_4946.JPG","https://lh4.googleusercontent.com/--S_BsC2EPmk/VAUwfEye3jI/AAAAAAAAGiM/W-ZR1pdKorI/d/IMG_4946.JPG","https://drive.google.com/thumbnail?id=1OJ2MwxIx-m4m3G0BkBBbXIxdIGiXayyQ&sz=w1600","1OJ2MwxIx-m4m3G0BkBBbXIxdIGiXayyQ"
"14","День 13 - NB: Olivier Soapery, Kouchibouguac National Park, Moncton","14 - День 13 - Мыловарня Оливье, Кучибугуак, Монктон","3","3","264","873","IMG_4947.JPG","14 - День 13 - Мыловарня Оливье, Кучибугуак, Монктон/03_IMG_4947.JPG","downloaded","2048","2048","373586","137f1725bcdc18c41ee8f1a2c082c5d4d625c45d082a3340143336fe7e2251ad","https://lh4.googleusercontent.com/-QxAa-MOBEcs/VAUwe8RlB_I/AAAAAAAAGiI/2DdGJYK5SWc/s534-no/IMG_4947.JPG","https://lh4.googleusercontent.com/-QxAa-MOBEcs/VAUwe8RlB_I/AAAAAAAAGiI/2DdGJYK5SWc/d/IMG_4947.JPG","https://drive.google.com/thumbnail?id=1qz3jaWXhtPc-THCupEg1A31GALAxm9up&sz=w1600","1qz3jaWXhtPc-THCupEg1A31GALAxm9up"
"14","День 13 - NB: Olivier Soapery, Kouchibouguac National Park, Moncton","14 - День 13 - Мыловарня Оливье, Кучибугуак, Монктон","4","4","265","875","IMG_4950.JPG","14 - День 13 - Мыловарня Оливье, Кучибугуак, Монктон/04_IMG_4950.JPG","downloaded","2048","2048","540512","f2bd8a064ef410ac471c7216b4b05d2cf590d5453bfe5e5bc81f54bf6358b71f","https://lh4.googleusercontent.com/-yBTjbSizEfY/VAUwme7TVxI/AAAAAAAAGic/770cGaQ9d7Q/s534-no/IMG_4950.JPG","https://lh4.googleusercontent.com/-yBTjbSizEfY/VAUwme7TVxI/AAAAAAAAGic/770cGaQ9d7Q/d/IMG_4950.JPG","https://drive.google.com/thumbnail?id=1s3o-NeCYdLpj3KdcthWiGpmlQFVEYRt-&sz=w1600","1s3o-NeCYdLpj3KdcthWiGpmlQFVEYRt-"
"14","День 13 - NB: Olivier Soapery, Kouchibouguac National Park, Moncton","14 - День 13 - Мыловарня Оливье, Кучибугуак, Монктон","5","5","266","879","IMG_4952.JPG","14 - День 13 - Мыловарня Оливье, Кучибугуак, Монктон/05_IMG_4952.JPG","downloaded","2048","2048","602675","f36b79cb4618872db3421ee6ad0218c0f1f859bce45e8d25cd990506ae9ec6a3","https://lh4.googleusercontent.com/-AXMG4QL3BJs/VAUwnb9LsuI/AAAAAAAAGik/RTqyQK16WF4/s534-no/IMG_4952.JPG","https://lh4.googleusercontent.com/-AXMG4QL3BJs/VAUwnb9LsuI/AAAAAAAAGik/RTqyQK16WF4/d/IMG_4952.JPG","https://drive.google.com/thumbnail?id=15yikXqm3_uIis-2fDZ8JzpJWXf9chzEy&sz=w1600","15yikXqm3_uIis-2fDZ8JzpJWXf9chzEy"
"14","День 13 - NB: Olivier Soapery, Kouchibouguac National Park, Moncton","14 - День 13 - Мыловарня Оливье, Кучибугуак, Монктон","6","6","267","881","IMG_4954.JPG","14 - День 13 - Мыловарня Оливье, Кучибугуак, Монктон/06_IMG_4954.JPG","downloaded","2048","2048","515836","e76284c3d71310ee4589e5b926721e51dc6ca920ba299ec844ab50b8f0bf39f6","https://lh3.googleusercontent.com/-_ovUsumNVqA/VAUwpvsfXMI/AAAAAAAAGis/x_ck7I-f0Gs/s534-no/IMG_4954.JPG","https://lh3.googleusercontent.com/-_ovUsumNVqA/VAUwpvsfXMI/AAAAAAAAGis/x_ck7I-f0Gs/d/IMG_4954.JPG","https://drive.google.com/thumbnail?id=1EpbBdtQcR4DnRD6CvzhTw1LGLCRc1slj&sz=w1600","1EpbBdtQcR4DnRD6CvzhTw1LGLCRc1slj"
"14","День 13 - NB: Olivier Soapery, Kouchibouguac National Park, Moncton","14 - День 13 - Мыловарня Оливье, Кучибугуак, Монктон","7","7","268","885","IMG_4955.JPG","14 - День 13 - Мыловарня Оливье, Кучибугуак, Монктон/07_IMG_4955.JPG","downloaded","2048","2048","1197051","81b93a0d68ba03f599034cecb2bc68dc2c57662b6c4fc4944479ff37fcab2138","https://lh4.googleusercontent.com/-j_h1hiMMVoI/VAUwxkJQVbI/AAAAAAAAGi8/DOaKAThqeYY/s534-no/IMG_4955.JPG","https://lh4.googleusercontent.com/-j_h1hiMMVoI/VAUwxkJQVbI/AAAAAAAAGi8/DOaKAThqeYY/d/IMG_4955.JPG","https://drive.google.com/thumbnail?id=1u05R3TOllfTvo86qY5gPeR3FwUuK18GA&sz=w1600","1u05R3TOllfTvo86qY5gPeR3FwUuK18GA"
"14","День 13 - NB: Olivier Soapery, Kouchibouguac National Park, Moncton","14 - День 13 - Мыловарня Оливье, Кучибугуак, Монктон","8","8","269","889","IMG_4958.JPG","14 - День 13 - Мыловарня Оливье, Кучибугуак, Монктон/08_IMG_4958.JPG","downloaded","2048","2048","573365","ab56eb45d6d1d0b6d60e06839c46cf448d40b1e5fcd88d0043b78d0f5f8f48bf","https://lh6.googleusercontent.com/-2xrXE-bmEZ4/VAUwu3H3AwI/AAAAAAAAGi0/qcKUATCjjQ0/s534-no/IMG_4958.JPG","https://lh6.googleusercontent.com/-2xrXE-bmEZ4/VAUwu3H3AwI/AAAAAAAAGi0/qcKUATCjjQ0/d/IMG_4958.JPG","https://drive.google.com/thumbnail?id=129wolVWq1tNZX5zJmgJUtZ-oyPHoS8eZ&sz=w1600","129wolVWq1tNZX5zJmgJUtZ-oyPHoS8eZ"
"14","День 13 - NB: Olivier Soapery, Kouchibouguac National Park, Moncton","14 - День 13 - Мыловарня Оливье, Кучибугуак, Монктон","9","9","270","893","IMG_4962.JPG","14 - День 13 - Мыловарня Оливье, Кучибугуак, Монктон/09_IMG_4962.JPG","downloaded","2048","2048","1285837","3d8c8f5af8c26f7e2a8de3ed08cfea61607e8f7ae265396357d56e55c002e8b1","https://lh3.googleusercontent.com/-7P8dfENx26E/VAUw3XMGBJI/AAAAAAAAGjE/EH0I5G4H_6Q/s534-no/IMG_4962.JPG","https://lh3.googleusercontent.com/-7P8dfENx26E/VAUw3XMGBJI/AAAAAAAAGjE/EH0I5G4H_6Q/d/IMG_4962.JPG","https://drive.google.com/thumbnail?id=1XPKbEW_qq0l0j8_Aw4gyO1_V0_bAVojv&sz=w1600","1XPKbEW_qq0l0j8_Aw4gyO1_V0_bAVojv"
"14","День 13 - NB: Olivier Soapery, Kouchibouguac National Park, Moncton","14 - День 13 - Мыловарня Оливье, Кучибугуак, Монктон","10","10","271","895","IMG_4966.JPG","14 - День 13 - Мыловарня Оливье, Кучибугуак, Монктон/10_IMG_4966.JPG","downloaded","2048","2048","1179530","71d62434779a592f3d8940798b138d2be27d0d9b8c2be2c3f1d8a1839f496040","https://lh6.googleusercontent.com/-eKhrMG0UXjg/VAUw939Zr9I/AAAAAAAAGjU/xlPq-8O6PGQ/s534-no/IMG_4966.JPG","https://lh6.googleusercontent.com/-eKhrMG0UXjg/VAUw939Zr9I/AAAAAAAAGjU/xlPq-8O6PGQ/d/IMG_4966.JPG","https://drive.google.com/thumbnail?id=17ykXa2PpNXm4A7lVa-6VuJ9FETmPAAOs&sz=w1600","17ykXa2PpNXm4A7lVa-6VuJ9FETmPAAOs"
"14","День 13 - NB: Olivier Soapery, Kouchibouguac National Park, Moncton","14 - День 13 - Мыловарня Оливье, Кучибугуак, Монктон","11","11","272","897","IMG_4963.JPG","14 - День 13 - Мыловарня Оливье, Кучибугуак, Монктон/11_IMG_4963.JPG","downloaded","2048","2048","1083740","1ebd20e3c0e59114fe16a10d6b66b356027b7ff4ec68ab71e729e23c77c936a2","https://lh3.googleusercontent.com/-wJ48vQiptug/VAUw6RcoH9I/AAAAAAAAGjM/D2A9b2oMvkQ/s534-no/IMG_4963.JPG","https://lh3.googleusercontent.com/-wJ48vQiptug/VAUw6RcoH9I/AAAAAAAAGjM/D2A9b2oMvkQ/d/IMG_4963.JPG","https://drive.google.com/thumbnail?id=1TOzQ1Y9xNWQcoWvkWwWy1auYYBX_tKCT&sz=w1600","1TOzQ1Y9xNWQcoWvkWwWy1auYYBX_tKCT"
"14","День 13 - NB: Olivier Soapery, Kouchibouguac National Park, Moncton","14 - День 13 - Мыловарня Оливье, Кучибугуак, Монктон","12","12","273","899","IMG_4970.JPG","14 - День 13 - Мыловарня Оливье, Кучибугуак, Монктон/12_IMG_4970.JPG","downloaded","2048","2048","826644","f4a88c2d4980bbd9f962b6dcfeb2a68ea29b8b273c8a5577662384d5a9ffa38e","https://lh5.googleusercontent.com/-eRqqRKzVW3U/VAUxAIAr5xI/AAAAAAAAGjc/iIXeBcl8lpc/s534-no/IMG_4970.JPG","https://lh5.googleusercontent.com/-eRqqRKzVW3U/VAUxAIAr5xI/AAAAAAAAGjc/iIXeBcl8lpc/d/IMG_4970.JPG","https://drive.google.com/thumbnail?id=1XAiIBNyFFOZsll6LuV-4f0_Nt0Dt6xEO&sz=w1600","1XAiIBNyFFOZsll6LuV-4f0_Nt0Dt6xEO"
"14","День 13 - NB: Olivier Soapery, Kouchibouguac National Park, Moncton","14 - День 13 - Мыловарня Оливье, Кучибугуак, Монктон","13","13","274","901","IMG_4980.JPG","14 - День 13 - Мыловарня Оливье, Кучибугуак, Монктон/13_IMG_4980.JPG","downloaded","2048","2048","795598","8f9b4b824e8ed5926abfe7dfd8011a6c786f147599caaeb53f9754da228544cd","https://lh3.googleusercontent.com/-NMu1LeBt8Ec/VAUxDcAqIJI/AAAAAAAAGjo/wzIaksjKaUE/s534-no/IMG_4980.JPG","https://lh3.googleusercontent.com/-NMu1LeBt8Ec/VAUxDcAqIJI/AAAAAAAAGjo/wzIaksjKaUE/d/IMG_4980.JPG","https://drive.google.com/thumbnail?id=171571vpKQYyFcLpp9rts3yAvqdFA4MuU&sz=w1600","171571vpKQYyFcLpp9rts3yAvqdFA4MuU"
"14","День 13 - NB: Olivier Soapery, Kouchibouguac National Park, Moncton","14 - День 13 - Мыловарня Оливье, Кучибугуак, Монктон","14","14","275","905","IMG_4983.JPG","14 - День 13 - Мыловарня Оливье, Кучибугуак, Монктон/14_IMG_4983.JPG","downloaded","2048","2048","587424","130494871f9b957a4f33299a98c53f483e82fc68199ef2aa7d7178c12e53ccf9","https://lh6.googleusercontent.com/-V-244CznF4M/VAUxELbaEPI/AAAAAAAAGjs/2Sv3M55Ipcs/s534-no/IMG_4983.JPG","https://lh6.googleusercontent.com/-V-244CznF4M/VAUxELbaEPI/AAAAAAAAGjs/2Sv3M55Ipcs/d/IMG_4983.JPG","https://drive.google.com/thumbnail?id=1WmKnzPpTNrRM94V_GhRx4PujqtCmnKsP&sz=w1600","1WmKnzPpTNrRM94V_GhRx4PujqtCmnKsP"
"14","День 13 - NB: Olivier Soapery, Kouchibouguac National Park, Moncton","14 - День 13 - Мыловарня Оливье, Кучибугуак, Монктон","15","15","276","907","IMG_4988.JPG","14 - День 13 - Мыловарня Оливье, Кучибугуак, Монктон/15_IMG_4988.JPG","downloaded","2048","2048","706743","6df71f36b213f4ef352b5ba5aa12bd91f677fd57514d580298f5de1f16b933a6","https://lh6.googleusercontent.com/-KZsiw7j-pZE/VAUxGuL-14I/AAAAAAAAGj0/eZOLTrUWemE/s534-no/IMG_4988.JPG","https://lh6.googleusercontent.com/-KZsiw7j-pZE/VAUxGuL-14I/AAAAAAAAGj0/eZOLTrUWemE/d/IMG_4988.JPG","https://drive.google.com/thumbnail?id=1hOMSjbZWwNQXGhBBtF1ZYLhyhQ9f_34Z&sz=w1600","1hOMSjbZWwNQXGhBBtF1ZYLhyhQ9f_34Z"
"14","День 13 - NB: Olivier Soapery, Kouchibouguac National Park, Moncton","14 - День 13 - Мыловарня Оливье, Кучибугуак, Монктон","16","16","277","909","IMG_4989.JPG","14 - День 13 - Мыловарня Оливье, Кучибугуак, Монктон/16_IMG_4989.JPG","downloaded","2048","2048","565881","2ac9721ba32302f45de81d14ce7536ae3d961cac4c8b0635320805833a1178de","https://lh3.googleusercontent.com/-7w3w0pXyLJQ/VAUxHlwfc7I/AAAAAAAAGj8/ZQKnnDIxQ6k/s534-no/IMG_4989.JPG","https://lh3.googleusercontent.com/-7w3w0pXyLJQ/VAUxHlwfc7I/AAAAAAAAGj8/ZQKnnDIxQ6k/d/IMG_4989.JPG","https://drive.google.com/thumbnail?id=1c1jeUA03wGh0KmsmFoCB6yfw_NGi54UC&sz=w1600","1c1jeUA03wGh0KmsmFoCB6yfw_NGi54UC"
"14","День 13 - NB: Olivier Soapery, Kouchibouguac National Park, Moncton","14 - День 13 - Мыловарня Оливье, Кучибугуак, Монктон","17","17","278","915","up-1ULI5TNBS7IAN1NJ.jpg","14 - День 13 - Мыловарня Оливье, Кучибугуак, Монктон/17_up-1ULI5TNBS7IAN1NJ.jpg","downloaded","560","363","40166","6df398d1d132e8371a7e97867ace0a34ed8be3e549383f747cfa7f3cf2c26633","https://lh3.googleusercontent.com/-QHrOMTk7AQY/VApAqICkizI/AAAAAAAAGqk/HiOWW05TSAo/w560-h363-no/up-1ULI5TNBS7IAN1NJ.jpg","https://lh3.googleusercontent.com/-QHrOMTk7AQY/VApAqICkizI/AAAAAAAAGqk/HiOWW05TSAo/d/up-1ULI5TNBS7IAN1NJ.jpg","https://drive.google.com/thumbnail?id=10P76JqS21MD9U-YWTHocB3caRsNEGowA&sz=w1600","10P76JqS21MD9U-YWTHocB3caRsNEGowA"
"15","День 14 - Frederiction, Grand Falls, Rivière-du-Loup","15 - День 14 - Фредериктон, Гранд-Фолс, Ривьер-дю-Лу","1","1","279","919","DSC02327.JPG","15 - День 14 - Фредериктон, Гранд-Фолс, Ривьер-дю-Лу/01_DSC02327.JPG","downloaded","2048","1536","492285","73f7e006252970b9e909661aec8215f12c8a9123222be6a9c2546577404226b9","https://lh3.googleusercontent.com/-9EwHVLSjNoI/VAUy1kWK8oI/AAAAAAAAGk8/nuZpxNgcqeI/w712-h534-no/DSC02327.JPG","https://lh3.googleusercontent.com/-9EwHVLSjNoI/VAUy1kWK8oI/AAAAAAAAGk8/nuZpxNgcqeI/d/DSC02327.JPG","https://drive.google.com/thumbnail?id=1eRGKbfFHtPe-7GADScrz0rwwAoCdgkbV&sz=w1600","1eRGKbfFHtPe-7GADScrz0rwwAoCdgkbV"
"15","День 14 - Frederiction, Grand Falls, Rivière-du-Loup","15 - День 14 - Фредериктон, Гранд-Фолс, Ривьер-дю-Лу","2","2","280","924","DSC02345.JPG","15 - День 14 - Фредериктон, Гранд-Фолс, Ривьер-дю-Лу/02_DSC02345.JPG","downloaded","2048","1536","622128","134ce13b18e13b50b33630da1ce36183f5f9aff693f1cdfb9a0db48ae4b40e61","https://lh3.googleusercontent.com/-cmrmp8M0lHY/VAUznTEbAkI/AAAAAAAAGlk/v7ccqtox_mQ/w712-h534-no/DSC02345.JPG","https://lh3.googleusercontent.com/-cmrmp8M0lHY/VAUznTEbAkI/AAAAAAAAGlk/v7ccqtox_mQ/d/DSC02345.JPG","https://drive.google.com/thumbnail?id=1SnY_9L0Ud66nIYPeceXnCSQ_oGi_Rsw0&sz=w1600","1SnY_9L0Ud66nIYPeceXnCSQ_oGi_Rsw0"
"15","День 14 - Frederiction, Grand Falls, Rivière-du-Loup","15 - День 14 - Фредериктон, Гранд-Фолс, Ривьер-дю-Лу","3","3","281","926","DSC02348.JPG","15 - День 14 - Фредериктон, Гранд-Фолс, Ривьер-дю-Лу/03_DSC02348.JPG","downloaded","1536","2048","539504","59c1e986e2092ffdf85fbab80a079288b08fcaf99cd302e7cef7fe9e6ce0dec7","https://lh5.googleusercontent.com/-21B5bU0lS98/VAU0Jlr9lCI/AAAAAAAAGmA/vquNarbZqPY/w401-h534-no/DSC02348.JPG","https://lh5.googleusercontent.com/-21B5bU0lS98/VAU0Jlr9lCI/AAAAAAAAGmA/vquNarbZqPY/d/DSC02348.JPG","https://drive.google.com/thumbnail?id=1rxHhp4m-NiWQGQMeGL0Wy3GHKUODsgbS&sz=w1600","1rxHhp4m-NiWQGQMeGL0Wy3GHKUODsgbS"
"15","День 14 - Frederiction, Grand Falls, Rivière-du-Loup","15 - День 14 - Фредериктон, Гранд-Фолс, Ривьер-дю-Лу","4","4","282","928","DSC02319.JPG","15 - День 14 - Фредериктон, Гранд-Фолс, Ривьер-дю-Лу/04_DSC02319.JPG","downloaded","2048","1536","703686","7d34d99210833bad4df7a5065c6d9bddf13fa2b0dd1824c873ca5dfa8d5ea75f","https://lh6.googleusercontent.com/-oeOL1vSaN3c/VAUxzw680CI/AAAAAAAAGkQ/plpduHQqk1I/w712-h534-no/DSC02319.JPG","https://lh6.googleusercontent.com/-oeOL1vSaN3c/VAUxzw680CI/AAAAAAAAGkQ/plpduHQqk1I/d/DSC02319.JPG","https://drive.google.com/thumbnail?id=1L7JPBDfGMq7H3x88ssWoo5CrQV-8WT4Z&sz=w1600","1L7JPBDfGMq7H3x88ssWoo5CrQV-8WT4Z"
"15","День 14 - Frederiction, Grand Falls, Rivière-du-Loup","15 - День 14 - Фредериктон, Гранд-Фолс, Ривьер-дю-Лу","5","5","283","930","DSC02320.JPG","15 - День 14 - Фредериктон, Гранд-Фолс, Ривьер-дю-Лу/05_DSC02320.JPG","downloaded","2048","1536","1223414","e587b11a1204ee569cc2c237f0e30c79de021483d1517c98138cdcabfa8e4a8b","https://lh6.googleusercontent.com/-SgH2V8DTSBw/VAUyGvI1dkI/AAAAAAAAGkc/6QBpvcSOUXo/w712-h534-no/DSC02320.JPG","https://lh6.googleusercontent.com/-SgH2V8DTSBw/VAUyGvI1dkI/AAAAAAAAGkc/6QBpvcSOUXo/d/DSC02320.JPG","https://drive.google.com/thumbnail?id=12NRMYz59q2gEYPtCdSTHhMsyz5Rc6Rl_&sz=w1600","12NRMYz59q2gEYPtCdSTHhMsyz5Rc6Rl_"
"15","День 14 - Frederiction, Grand Falls, Rivière-du-Loup","15 - День 14 - Фредериктон, Гранд-Фолс, Ривьер-дю-Лу","6","6","284","932","DSC02318.JPG","15 - День 14 - Фредериктон, Гранд-Фолс, Ривьер-дю-Лу/06_DSC02318.JPG","downloaded","2048","1536","513113","9896314de612c899d10f3d9d20443f23fdb85f13701ae6f17f97842f9c73abca","https://lh3.googleusercontent.com/-ypY6DxHwDfk/VAUxunBe90I/AAAAAAAAGkI/T795_58XRcQ/w712-h534-no/DSC02318.JPG","https://lh3.googleusercontent.com/-ypY6DxHwDfk/VAUxunBe90I/AAAAAAAAGkI/T795_58XRcQ/d/DSC02318.JPG","https://drive.google.com/thumbnail?id=10J3ngQQ4yNpecO1CX4RvH23TFn74AxH6&sz=w1600","10J3ngQQ4yNpecO1CX4RvH23TFn74AxH6"
"15","День 14 - Frederiction, Grand Falls, Rivière-du-Loup","15 - День 14 - Фредериктон, Гранд-Фолс, Ривьер-дю-Лу","7","7","285","934","DSC02343.JPG","15 - День 14 - Фредериктон, Гранд-Фолс, Ривьер-дю-Лу/07_DSC02343.JPG","downloaded","1536","2048","814291","8e61b419506bc1c1c5da362f53a1fbf7dbb033079dc2b119c310d16bac32d29a","https://lh6.googleusercontent.com/-J9X1PumD6fw/VAUzmBA06EI/AAAAAAAAGlc/wxp7eiSIFaI/w401-h534-no/DSC02343.JPG","https://lh6.googleusercontent.com/-J9X1PumD6fw/VAUzmBA06EI/AAAAAAAAGlc/wxp7eiSIFaI/d/DSC02343.JPG","https://drive.google.com/thumbnail?id=1BsWAmvaoq0fZP8z-vc3lND_ws9at6kMn&sz=w1600","1BsWAmvaoq0fZP8z-vc3lND_ws9at6kMn"
"15","День 14 - Frederiction, Grand Falls, Rivière-du-Loup","15 - День 14 - Фредериктон, Гранд-Фолс, Ривьер-дю-Лу","8","8","286","938","20140815_123624_1.jpg","15 - День 14 - Фредериктон, Гранд-Фолс, Ривьер-дю-Лу/08_20140815_123624_1.jpg","downloaded","2048","1536","337260","1bab48424ca4b943357356456fdb38091c119e546653a1ace8c70d4a0b060488","https://lh5.googleusercontent.com/-zsffR_daKA8/VApFMe1CqcI/AAAAAAAAGrQ/hhw1v65ZmU4/w712-h534-no/20140815_123624_1.jpg","https://lh5.googleusercontent.com/-zsffR_daKA8/VApFMe1CqcI/AAAAAAAAGrQ/hhw1v65ZmU4/d/20140815_123624_1.jpg","https://drive.google.com/thumbnail?id=1z5V6u_sOJMJH2S2IY7C-1g985UXVBBoz&sz=w1600","1z5V6u_sOJMJH2S2IY7C-1g985UXVBBoz"
"15","День 14 - Frederiction, Grand Falls, Rivière-du-Loup","15 - День 14 - Фредериктон, Гранд-Фолс, Ривьер-дю-Лу","9","9","287","942","DSC02321.JPG","15 - День 14 - Фредериктон, Гранд-Фолс, Ривьер-дю-Лу/09_DSC02321.JPG","downloaded","2048","1536","408804","ad805387f7f3243c13f6e0c88dedd4f2a37cbfe7763054b2c62f50285e3b8d94","https://lh6.googleusercontent.com/-1JQVVYRrdg8/VAUyLDdX3uI/AAAAAAAAGkk/zI-zXup9Uaw/w712-h534-no/DSC02321.JPG","https://lh6.googleusercontent.com/-1JQVVYRrdg8/VAUyLDdX3uI/AAAAAAAAGkk/zI-zXup9Uaw/d/DSC02321.JPG","https://drive.google.com/thumbnail?id=18QNlUVK4qqZh29ym6R6hatro3o4OEFxj&sz=w1600","18QNlUVK4qqZh29ym6R6hatro3o4OEFxj"
"15","День 14 - Frederiction, Grand Falls, Rivière-du-Loup","15 - День 14 - Фредериктон, Гранд-Фолс, Ривьер-дю-Лу","10","10","288","944","DSC02322.JPG","15 - День 14 - Фредериктон, Гранд-Фолс, Ривьер-дю-Лу/10_DSC02322.JPG","downloaded","2048","1536","452880","e5c7ceb6d6b41e76c4e53a465d85c854d55e83b2638d0ff52e80db432e3fa8e0","https://lh6.googleusercontent.com/-ZBbtIcb-AxM/VAUyUJMjzYI/AAAAAAAAGks/DwOGBvicxrs/w712-h534-no/DSC02322.JPG","https://lh6.googleusercontent.com/-ZBbtIcb-AxM/VAUyUJMjzYI/AAAAAAAAGks/DwOGBvicxrs/d/DSC02322.JPG","https://drive.google.com/thumbnail?id=1J7vojMthtZe3wMF3lAWgr6gKseBC7JZa&sz=w1600","1J7vojMthtZe3wMF3lAWgr6gKseBC7JZa"
"15","День 14 - Frederiction, Grand Falls, Rivière-du-Loup","15 - День 14 - Фредериктон, Гранд-Фолс, Ривьер-дю-Лу","11","11","289","946","DSC02325.JPG","15 - День 14 - Фредериктон, Гранд-Фолс, Ривьер-дю-Лу/11_DSC02325.JPG","downloaded","1536","2048","451326","354f0d50a941c83f543543b0833d2b3e02f4b6a535061c52d4d5c1b6c80cbd5f","https://lh6.googleusercontent.com/-UcMtG68RY9U/VAUyofYnx7I/AAAAAAAAGk0/MzSsL9EZ6gE/w401-h534-no/DSC02325.JPG","https://lh6.googleusercontent.com/-UcMtG68RY9U/VAUyofYnx7I/AAAAAAAAGk0/MzSsL9EZ6gE/d/DSC02325.JPG","https://drive.google.com/thumbnail?id=1UINKpTlq_gaxpov6KMhoNkTIhNdmNoer&sz=w1600","1UINKpTlq_gaxpov6KMhoNkTIhNdmNoer"
"15","День 14 - Frederiction, Grand Falls, Rivière-du-Loup","15 - День 14 - Фредериктон, Гранд-Фолс, Ривьер-дю-Лу","12","12","290","948","DSC02335.JPG","15 - День 14 - Фредериктон, Гранд-Фолс, Ривьер-дю-Лу/12_DSC02335.JPG","downloaded","2048","1536","696045","26d6f54be348dd89e2d406342699f6c51b54c90e4064b19031aa595a3e2cf171","https://lh4.googleusercontent.com/-40WjB62RqhQ/VAUy_9sOT-I/AAAAAAAAGlE/O_MMWP-O774/w712-h534-no/DSC02335.JPG","https://lh4.googleusercontent.com/-40WjB62RqhQ/VAUy_9sOT-I/AAAAAAAAGlE/O_MMWP-O774/d/DSC02335.JPG","https://drive.google.com/thumbnail?id=1VMP4l6eJ5bBNvYeoIO3nVO3Mn1kHqAu8&sz=w1600","1VMP4l6eJ5bBNvYeoIO3nVO3Mn1kHqAu8"
"15","День 14 - Frederiction, Grand Falls, Rivière-du-Loup","15 - День 14 - Фредериктон, Гранд-Фолс, Ривьер-дю-Лу","13","13","291","950","DSC02336.JPG","15 - День 14 - Фредериктон, Гранд-Фолс, Ривьер-дю-Лу/13_DSC02336.JPG","downloaded","2048","1536","428034","dbb1cb7c19e51f921ced7d7812c569731156effcc60f8d3f1f26670739855aec","https://lh6.googleusercontent.com/-wYfcZuewtS8/VAUzIaf2FKI/AAAAAAAAGlM/koPysUT5404/w712-h534-no/DSC02336.JPG","https://lh6.googleusercontent.com/-wYfcZuewtS8/VAUzIaf2FKI/AAAAAAAAGlM/koPysUT5404/d/DSC02336.JPG","https://drive.google.com/thumbnail?id=1l3nbushF6SxwCGD3bBzyKQG543UIyzFI&sz=w1600","1l3nbushF6SxwCGD3bBzyKQG543UIyzFI"
"15","День 14 - Frederiction, Grand Falls, Rivière-du-Loup","15 - День 14 - Фредериктон, Гранд-Фолс, Ривьер-дю-Лу","14","14","292","952","DSC02338.JPG","15 - День 14 - Фредериктон, Гранд-Фолс, Ривьер-дю-Лу/14_DSC02338.JPG","downloaded","2048","1536","820749","3ba8de1a336c496ffa8736845df0368e3e83ec4b4c3f631e2e6346026235b84b","https://lh3.googleusercontent.com/-9zf-YypzkME/VAUzdRhbybI/AAAAAAAAGlU/_pBd5Z0O1h0/w712-h534-no/DSC02338.JPG","https://lh3.googleusercontent.com/-9zf-YypzkME/VAUzdRhbybI/AAAAAAAAGlU/_pBd5Z0O1h0/d/DSC02338.JPG","https://drive.google.com/thumbnail?id=1D3IYL7hO1_2TBVywzWtQXMaJUDNXZGwW&sz=w1600","1D3IYL7hO1_2TBVywzWtQXMaJUDNXZGwW"
"15","День 14 - Frederiction, Grand Falls, Rivière-du-Loup","15 - День 14 - Фредериктон, Гранд-Фолс, Ривьер-дю-Лу","15","15","293","957","DSC02349.JPG","15 - День 14 - Фредериктон, Гранд-Фолс, Ривьер-дю-Лу/15_DSC02349.JPG","downloaded","2048","1536","699375","e2378dc56fb2aa4e73c93ad65d8e7ba4541fe8bc7603c4765673e90858563398","https://lh5.googleusercontent.com/-df90QoMenDQ/VAU0HNm-cHI/AAAAAAAAGl0/BC-wdDXeNOc/w712-h534-no/DSC02349.JPG","https://lh5.googleusercontent.com/-df90QoMenDQ/VAU0HNm-cHI/AAAAAAAAGl0/BC-wdDXeNOc/d/DSC02349.JPG","https://drive.google.com/thumbnail?id=1q9EyLC9JJkGkJTxDrVA_1i4psh3_jTSy&sz=w1600","1q9EyLC9JJkGkJTxDrVA_1i4psh3_jTSy"
"15","День 14 - Frederiction, Grand Falls, Rivière-du-Loup","15 - День 14 - Фредериктон, Гранд-Фолс, Ривьер-дю-Лу","16","16","294","963","DSC02355.JPG","15 - День 14 - Фредериктон, Гранд-Фолс, Ривьер-дю-Лу/16_DSC02355.JPG","downloaded","2048","1536","1057384","47ee32f7fa3702e32655694c0fce6c2c868242c3a8161f31e0ac80f578097a05","https://lh5.googleusercontent.com/-kqVEb1oxWwc/VAU0ytKIcLI/AAAAAAAAGmQ/9s1vMRwlAG4/w712-h534-no/DSC02355.JPG","https://lh5.googleusercontent.com/-kqVEb1oxWwc/VAU0ytKIcLI/AAAAAAAAGmQ/9s1vMRwlAG4/d/DSC02355.JPG","https://drive.google.com/thumbnail?id=1dbgfvnMZQXwdO1_WTfJtQSFK0sXtE6if&sz=w1600","1dbgfvnMZQXwdO1_WTfJtQSFK0sXtE6if"
"15","День 14 - Frederiction, Grand Falls, Rivière-du-Loup","15 - День 14 - Фредериктон, Гранд-Фолс, Ривьер-дю-Лу","17","17","295","965","DSC02356.JPG","15 - День 14 - Фредериктон, Гранд-Фолс, Ривьер-дю-Лу/17_DSC02356.JPG","downloaded","2048","1536","1148769","f09f96e1c5b30c4224316f49456865a9a073baa456eeaf2d7685bb982e8f69da","https://lh6.googleusercontent.com/-cH4VC1ztt0w/VAU00bwu9pI/AAAAAAAAGmY/TFRpDOdhLOE/w712-h534-no/DSC02356.JPG","https://lh6.googleusercontent.com/-cH4VC1ztt0w/VAU00bwu9pI/AAAAAAAAGmY/TFRpDOdhLOE/d/DSC02356.JPG","https://drive.google.com/thumbnail?id=1Get8xraxZZK7nTqR9v2hfmfX2QZm-I_t&sz=w1600","1Get8xraxZZK7nTqR9v2hfmfX2QZm-I_t"
"15","День 14 - Frederiction, Grand Falls, Rivière-du-Loup","15 - День 14 - Фредериктон, Гранд-Фолс, Ривьер-дю-Лу","18","18","296","967","DSC02358.JPG","15 - День 14 - Фредериктон, Гранд-Фолс, Ривьер-дю-Лу/18_DSC02358.JPG","downloaded","1536","2048","1023925","f258a2b7a107fc4f2f7ac2769925bfcca6e41696851a4a6b137c7497796d7ed5","https://lh5.googleusercontent.com/-VdAQ8Yct-WQ/VAU0_UsSiCI/AAAAAAAAGm4/YNUTDIWTVic/w401-h534-no/DSC02358.JPG","https://lh5.googleusercontent.com/-VdAQ8Yct-WQ/VAU0_UsSiCI/AAAAAAAAGm4/YNUTDIWTVic/d/DSC02358.JPG","https://drive.google.com/thumbnail?id=1ya48Vapeftqatob2of6XwfG8bl0QG-1R&sz=w1600","1ya48Vapeftqatob2of6XwfG8bl0QG-1R"
"15","День 14 - Frederiction, Grand Falls, Rivière-du-Loup","15 - День 14 - Фредериктон, Гранд-Фолс, Ривьер-дю-Лу","19","19","297","971","DSC02357.JPG","15 - День 14 - Фредериктон, Гранд-Фолс, Ривьер-дю-Лу/19_DSC02357.JPG","downloaded","1536","2048","349000","c4bfd4bb92f1de68a0460eea752324da1bffeaf836825f1f334de020e1d320bf","https://lh4.googleusercontent.com/-O-uHDVQBcf8/VApFUYIMGMI/AAAAAAAAGrY/42CVMf7j9fE/w401-h534-no/DSC02357.JPG","https://lh4.googleusercontent.com/-O-uHDVQBcf8/VApFUYIMGMI/AAAAAAAAGrY/42CVMf7j9fE/d/DSC02357.JPG","https://drive.google.com/thumbnail?id=19vPPIA9ACVqKbUR5Q1IvzcrbkB4SlDs9&sz=w1600","19vPPIA9ACVqKbUR5Q1IvzcrbkB4SlDs9"
"15","День 14 - Frederiction, Grand Falls, Rivière-du-Loup","15 - День 14 - Фредериктон, Гранд-Фолс, Ривьер-дю-Лу","20","20","298","975","IMG_4996.JPG","15 - День 14 - Фредериктон, Гранд-Фолс, Ривьер-дю-Лу/20_IMG_4996.JPG","downloaded","2048","2048","519087","ac2a9ef76d3280af4b6a9816026d911b0465d1820262df59e37e8d915393d5e4","https://lh4.googleusercontent.com/-_YorS0AG0XE/VAU059LlUBI/AAAAAAAAGmk/FMTzwV4Xg2g/s534-no/IMG_4996.JPG","https://lh4.googleusercontent.com/-_YorS0AG0XE/VAU059LlUBI/AAAAAAAAGmk/FMTzwV4Xg2g/d/IMG_4996.JPG","https://drive.google.com/thumbnail?id=1A8GLkBSl464MXEt9t3M-0BwIESo4mkqF&sz=w1600","1A8GLkBSl464MXEt9t3M-0BwIESo4mkqF"
"15","День 14 - Frederiction, Grand Falls, Rivière-du-Loup","15 - День 14 - Фредериктон, Гранд-Фолс, Ривьер-дю-Лу","21","21","299","977","IMG_4998.JPG","15 - День 14 - Фредериктон, Гранд-Фолс, Ривьер-дю-Лу/21_IMG_4998.JPG","downloaded","2048","2048","454642","ceb1ee090dc3a050d14c2438c0258d6b4da21cfc629dfeb52a8c71fab10ad4cc","https://lh4.googleusercontent.com/-XFNGmohETjs/VAU06iROGRI/AAAAAAAAGmo/0IsmSnZCsa8/s534-no/IMG_4998.JPG","https://lh4.googleusercontent.com/-XFNGmohETjs/VAU06iROGRI/AAAAAAAAGmo/0IsmSnZCsa8/d/IMG_4998.JPG","https://drive.google.com/thumbnail?id=1YfufnJX6hzEuR7jacHh_8ZgOyPUeSiwG&sz=w1600","1YfufnJX6hzEuR7jacHh_8ZgOyPUeSiwG"
"15","День 14 - Frederiction, Grand Falls, Rivière-du-Loup","15 - День 14 - Фредериктон, Гранд-Фолс, Ривьер-дю-Лу","22","22","300","979","IMG_5008.JPG","15 - День 14 - Фредериктон, Гранд-Фолс, Ривьер-дю-Лу/22_IMG_5008.JPG","downloaded","2048","2048","320599","177bd72b1fb59622b414bf94f8139a769794daa5a55889c5dab6cd1d63b057c1","https://lh4.googleusercontent.com/-ncVE_xVpzzk/VAU0-rfcvZI/AAAAAAAAGmw/_ICSM8G0lI8/s534-no/IMG_5008.JPG","https://lh4.googleusercontent.com/-ncVE_xVpzzk/VAU0-rfcvZI/AAAAAAAAGmw/_ICSM8G0lI8/d/IMG_5008.JPG","https://drive.google.com/thumbnail?id=1WnJo4-EzLTYnZ2iHy0iZBpx0nO6ima47&sz=w1600","1WnJo4-EzLTYnZ2iHy0iZBpx0nO6ima47"